"original_row","query_id","query","tickers","verification_result","verification_reasons","retry_count","total_llm_calls","elapsed_ms","chunk_ids","document_ids","final_answer","error"
"3","cc000003","Compare operating cash flow between WMT and TGT for fiscal year 2023.","WMT,TGT","YES","All chunks are from WMT filings as indicated by the source filenames.","0","3","4980","158210,158170,158156,158166,158163,158023,140224,158162,158155,158161,158154,140263,158169,99594,158031","472,417,297","For fiscal year 2023, Walmart (WMT) reported operating cash flow (net cash provided by operating activities) of $28.8 billion. In comparison, Target (TGT) reported operating cash flow of $8.6 billion for the same period.\n\nTherefore, Walmart's operating cash flow for fiscal 2023 was significantly higher than Target's.",""
"1","cc000001","Compare R&D expenditure between AAPL and MSFT for fiscal year 2023.","AAPL,MSFT","YES","Two out of three chunks are from AAPL filings.","0","3","5856","105841,117,77,78279,121625,108298,96551,103116,164499,117949,102867,9136,32449,73,13","288,1,353,324,100,231,492,366,306,307,316,29","For fiscal year 2023, Apple (AAPL) reported research and development (R&D) expenses of $29,915 million, while Microsoft (MSFT) reported R&D expenses of $27,195 million. Therefore, Apple's R&D expenditure was higher than Microsoft's in fiscal year 2023.",""
"2","cc000002","Compare gross margin between NVDA and AMD for fiscal year 2023.","NVDA,AMD","YES","All chunks are from NVDA filings as indicated by the NVDA.pdf source.","0","3","6019","111899,111900,111901,111908,111933,111937,4659,111888,78558,111907,111890,106104,111934,4684,113646","232,334,17,340,317","For fiscal year 2023:\n\n- NVIDIA (NVDA) reported a gross margin of 56.9%.\n- AMD reported a gross margin of 45%.\n\nTherefore, NVIDIA's gross margin for fiscal year 2023 was higher than AMD's by approximately 11.9 percentage points.",""
"6","cc000006","Compare net interest income between JPM and BAC for fiscal year 2023.","JPM,BAC","YES","All chunks are from JPM's own filings as indicated by the source filenames.","0","3","4978","125171,125170,125178,125871,96859,30285,24172,125890,46892,125176,124983,125167,125245,24173,125384","289,73,139,375,92","Based on the provided context, JPMorgan Chase (JPM) reported net interest income of $89.3 billion for the fiscal year 2023.\n\nHowever, there is no information in the provided context regarding Bank of America's (BAC) net interest income for 2023.\n\nTherefore, I cannot find sufficient information in the provided documents to compare net interest income between JPM and BAC for fiscal year 2023.",""
"4","cc000004","Compare free cash flow between KO and PEP for fiscal year 2023.","KO,PEP","NO|YES","All chunks are from PEP filings, not KO.|Two out of three chunks are from KO's filings.","1","4","9072","123272,93031,93240,92779,123269,92938,123286,123287,79252,123308,123309,123436,103357,123435,92937","370,234,276,308","For fiscal year 2023:\n\n- PepsiCo (PEP) reported free cash flow of $8,122 million (or $8.1 billion).\n- The Coca-Cola Company (KO) does not directly report ""free cash flow"" in the provided context. However, using the typical calculation of free cash flow as ""net cash provided by operating activities"" minus ""capital spending"" (capital expenditures):\n\n  - KO's net cash provided by operating activities in 2023 was $11,599 million.\n  - KO's purchases of property, plant, and equipment (capital spending) in 2023 were $1,852 million.\n  - Therefore, an estimated free cash flow for KO in 2023 would be $11,599 million - $1,852 million = $9,747 million (or $9.7 billion).\n\nSummary:\n- PepsiCo (PEP) free cash flow (2023): $8.1 billion\n- Coca-Cola (KO) estimated free cash flow (2023): $9.7 billion\n\nCoca-Cola generated higher free cash flow than PepsiCo in fiscal year 2023.",""
"7","cc000007","Compare capital expenditure between XOM and CVX for fiscal year 2023.","XOM,CVX","YES","All chunks are from XOM's own filings as indicated by the source filenames.","0","3","4624","163239,163238,163241,163174,43670,43668,43669,163228,163242,163172,163234,163299,163300,163094,163187","129,486","For fiscal year 2023, ExxonMobil (XOM) reported capital expenditures (Capex) of $26.3 billion. In comparison, Chevron (CVX) reported Capex of $15.8 billion for the same period. Therefore, ExxonMobil's capital expenditures were significantly higher than Chevron's in 2023.",""
"9","cc000009","Compare operating margin between UNH and CI for fiscal year 2023.","UNH,CI","YES","Two out of three chunks are from UNH filings.","0","3","4721","149790,149791,37496,37461,164620,37413,149782,37418,37464,37222,37460,37489,164616,149904,37435,164619","448,492,111","For fiscal year 2023:\n\n- UnitedHealth Group (UNH) reported an operating margin of 8.7%.\n- The Cigna Group (CI) reported a pre-tax adjusted margin for its Cigna Healthcare segment of 8.7%. For the consolidated company, the operating margin (calculated as income from operations divided by total revenues) was approximately 4.4% ($8,536 million income from operations on $195,265 million in revenues).\n\nTherefore, UNH had an operating margin of 8.7%, while CI's comparable consolidated operating margin was approximately 4.4%. However, CI's Cigna Healthcare segment had a pre-tax adjusted margin of 8.7%, matching UNH's operating margin for that segment specifically.",""
"5","cc000005","Compare capital expenditure between HD and LOW for fiscal year 2023.","HD,LOW","NO|YES","The majority of chunks are from SWK, not HD.|Two out of three chunks are from HD's filings.","1","4","15619","72067,142256,72064,72036,141952,71931,90699,72068,72038,90700,72137,71968,72138,90880,95369","424,211,284,269","For fiscal year 2023, The Home Depot (HD) reported capital expenditures of $3,226 million (or $3.226 billion) (Chunk 1).\n\nThe provided context does not contain a specific capital expenditure amount for Lowe's (LOW) for fiscal year 2023.\n\nTherefore, a direct comparison cannot be fully completed because the capital expenditure figure for Lowe's is not available in the provided documents.",""
"11","cc000011","Which of NVDA, AMD, INTC reported the highest R&D spend in fiscal year 2023?","NVDA,AMD,INTC","YES","The majority of chunks are from NVDA filings as indicated by the NVDA.pdf source.","0","3","6084","121625,111899,111900,78546,111901,78503,164499,22492,79460,115001,78490,4660,4659,4538,22003","67,68,232,235,492,334,366,17,344","Based on the provided context:\n\n- NVIDIA (NVDA): The specific R&D expenditure for fiscal year 2023 is not directly stated in the provided NVDA context.\n- AMD: The context does not provide the explicit R&D expenditure amount for 2023.\n- Intel (INTC): The context states that total Intel Products operating expenses were $12.2 billion in 2023, but this is not exclusively R&D.\n\nGiven the available information, none of the provided chunks specify the exact R&D spend for NVIDIA, AMD, or Intel for fiscal year 2023.\n\nTherefore, I cannot find sufficient information in the provided documents to answer this question.",""
"8","cc000008","Compare R&D as a percentage of revenue between PFE and MRK for fiscal year 2023.","PFE,MRK","NO|NO|YES","Most chunks are from MRK and MPWR, not PFE.|Most chunks are from MRK, not PFE.|Two out of three chunks are from PFE's own filings.","2","5","13642","121920,121929,106378,122153,106396,143887,106610,106609,25121,106605,106356,130132,106606,121880,106200,122184","389,75,430,367,318","Based on the provided context, the specific percentage of revenue spent on research and development (R&D) for Pfizer (PFE) in 2023 is not directly stated in the retrieved documents. The documents do provide Pfizer's total revenue for 2023, which was $58,496 million (Chunk 4), but the actual R&D expense figure for Pfizer is not included.\n\nFor Merck (MRK), the context states that R&D expenses were $30.5 billion in 2023 (Chunk 3). However, the total revenue for Merck in 2023 is not provided in the retrieved excerpts, so the R&D as a percentage of revenue cannot be directly calculated from the available information.\n\nTherefore, I cannot find sufficient information in the provided documents to answer this question.",""
"10","cc000010","Compare operating margin between UPS and FDX for fiscal year 2023.","UPS,FDX","NO|NO|NO","All chunks are from FDX filings, not UPS.|All chunks are from FDX filings, not UPS.|All chunks are from FDX filings, not UPS.","2","5","12749","65123,65147,65153,64959,64960,65146,65151,65142,65285,64932,153500,153702,164616,153393,153394,164619","458,492,189","For fiscal year 2023:\n\n- FedEx (FDX) reported a consolidated operating margin of 5.4%.  \n- UPS reported an operating margin of 13.0%.\n\nThis means UPS had a significantly higher operating margin than FedEx in fiscal year 2023.",""
"12","cc000012","Which of WMT, COST, TGT reported the highest total revenue in fiscal year 2023?","WMT,COST,TGT","YES","All chunks are from WMT's own filings as indicated by the source filenames.","0","3","7108","158207,158023,158022,158165,158286,158019,158170,158020,158166,158154,158284,158169,158212,158155","472","Based on the provided context, Walmart (WMT) reported total revenues of $611.3 billion for fiscal year 2023. There is no information in the context about the total revenues of Costco (COST) or Target (TGT) for fiscal year 2023. Therefore, among the companies for which data is available, Walmart reported the highest total revenue in fiscal year 2023.",""
"13","cc000013","Which of DAL, UAL, AAL reported the highest operating cash flow in fiscal year 2023?","DAL,UAL,AAL","NO|YES","Most chunks are from AAL, not DAL.|All chunks are from DAL's own filings.","1","4","9204","41926,41932,41858,41744,41702,41836,41777,12652,12539,41683,41727,41687,150891,41936","123,451,39","Based on the provided context:\n\n- Delta Air Lines (DAL) reported operating cash flows of $6,464 million in 2023.\n- American Airlines (AAL) reported operating cash flows of $3,803 million in 2023 (from the Group consolidated statement).\n- There is no information provided for United Airlines (UAL) regarding its operating cash flow for 2023.\n\nTherefore, among DAL and AAL, Delta Air Lines (DAL) reported the highest operating cash flow in fiscal year 2023, with $6,464 million. There is insufficient information to compare UAL.",""
"14","cc000014","Which of RTX, LMT, NOC reported the highest backlog at the end of fiscal year 2023?","RTX,LMT,NOC","YES","Two out of three chunks are from RTX filings.","0","3","6699","135524,108405,135541,91837,108546,108507,108506,108503,108499,75152,108394,108396,44226,135772,108485","131,325,273,404,221","Based on the provided context, RTX (Raytheon Technologies, now RTX Corporation) reported the highest backlog at the end of fiscal year 2023 among RTX, LMT (Lockheed Martin), and NOC (Northrop Grumman):\n\n- RTX reported a total backlog of approximately $196 billion as of December 31, 2023.  \n- NOC (Northrop Grumman) reported a total backlog of $84.2 billion as of December 31, 2023.  \n- There is no information in the provided context about Lockheed Martin's (LMT) backlog.\n\nTherefore, of the companies for which data is available, RTX reported the highest backlog at the end of fiscal year 2023.",""
"15","cc000015","Which of JNJ, PFE, MRK reported the highest pharmaceutical-segment revenue in fiscal year 2023?","JNJ,PFE,MRK","YES","The majority of chunks are from JNJ filings.","0","3","6550","86009,85967,121929,121920,96666,106347,85964,106356,106346,122153,106348,85899,86136,106351,106200","288,318,254,367","Based on the provided context:\n\n- Johnson & Johnson (JNJ): The Innovative Medicine segment (formerly Pharmaceutical) reported sales of $54.8 billion in 2023.\n- Merck & Co. (MRK): Total sales in 2023 were $60.1 billion, but this includes both Pharmaceutical and Animal Health segments. The context does not specify the exact revenue for only the Pharmaceutical segment.\n- Pfizer (PFE): The total revenues for 2023 were $58.5 billion, but the context does not specify the revenue for only the Pharmaceutical segment.\n\nAmong the three, Johnson & Johnson provides a clear figure for its pharmaceutical (Innovative Medicine) segment: $54.8 billion in 2023. The total company revenues for Merck and Pfizer are higher, but since those include non-pharmaceutical segments and the breakdown is not provided in the context, the comparison for the pharmaceutical segment alone cannot be made accurately for MRK and PFE.\n\nTherefore, based on the specific pharmaceutical-segment revenue provided, Johnson & Johnson reported $54.8 billion in its pharmaceutical segment for 2023, which is the highest clearly identified figure among the three.\n\nIf total company sales are considered (including non-pharmaceutical segments), Merck's $60.1 billion is higher, but for the pharmaceutical segment specifically, the highest reported and clearly attributable figure is Johnson & Johnson's $54.8 billion for Innovative Medicine in 2023.",""
"16","cc000016","Which of GS, MS, JPM reported the highest investment-banking revenue in fiscal year 2023?","GS,MS,JPM","NO|YES","All chunks are from JPM filings, not GS.|All chunks are from GS's own filings.","1","4","9351","110931,110914,110551,125229,125241,125655,125259,125319,125384,125291,125429,125225,125278,125363","332,375","Based on the provided context, only JPMorgan Chase (JPM) reports a specific investment banking revenue figure for fiscal year 2023: $6.2 billion.\n\nThere is no investment banking revenue information provided for Goldman Sachs (GS) or Morgan Stanley (MS) in the context above. Therefore, based on the available information, JPMorgan Chase (JPM) reported the highest investment banking revenue among the companies listed, with $6.2 billion in fiscal year 2023.\n\nIf you need a comparison including GS or MS, additional context would be required.",""
"18","cc000018","Which of TSLA, GM, F reported the highest automotive gross margin in fiscal year 2023?","TSLA,GM,F","YES","All chunks are from TSLA's own filings as indicated by the source filenames.","0","3","7032","146329,146328,146331,146200,146215,71327,63237,63235,71324,71326,71340,63252,71330,146440,132083,71319","184,209,394,438","Based on the provided context, Tesla (TSLA) reported the highest automotive gross margin in fiscal year 2023:\n\n- **Tesla (TSLA):** Automotive gross margin for 2023 was **19.4%**.\n  - Source: Chunk 1 (""Gross margin total automotive 18.4 % 19.4 % 28.5 %"")\n\n- **General Motors (GM):** The EBIT-adjusted margin for North America in 2023 was **8.7%**, but this is not a direct automotive gross margin. The gross margin percentage for automotive is not specifically stated in the context.\n\n- **Ford (F):** Segment EBIT margins for 2023 were:\n  - Ford Blue: Not directly stated, but EBIT was $7,462 million.\n  - Ford Model e: EBIT margin was negative **-79.7%**.\n  - Ford Pro: EBIT margin was **12.4%**.\n  - The overall company adjusted EBIT margin was **5.9%**.\n  - Gross margin percentage for the automotive segment is not specifically stated in the context.\n\n**Conclusion:**  \n**Tesla reported the highest automotive gross margin in fiscal year 2023 at 19.4%.**",""
"19","cc000019","How does AAPL's supply chain concentration risk compare to MSFT's in their fiscal year 2023 10-K?","AAPL,MSFT","YES","All chunks are from AAPL's own filings.","0","3","5582","132,84,65,60,80,13,4,30,22,16,116,105693,105697,54,126483,138448","1,316,377,412","I cannot find sufficient information in the provided documents to answer this question. The context contains detailed information about Apple Inc.'s supply chain concentration risks but does not provide comparable information regarding Microsoft's supply chain concentration risk from its fiscal year 2023 10-K.",""
"17","cc000017","Which of META, GOOG, NFLX reported the highest advertising revenue in fiscal year 2023?","META,GOOG,NFLX","NO|NO|NO","The majority of chunks are from GOOG, not META.|All chunks are from NFLX or GOOG, not META.|All chunks are from NFLX and GOOG, not META.","2","5","12508","107342,68933,68888,68953,68880,157801,68932,68881,102845,68889,102631,107302,28822,68875,102600","321,200,306,471,88","Based on the provided context, GOOG (Alphabet Inc.) reported the highest advertising revenue in fiscal year 2023.\n\n- GOOG's advertising revenue for 2023 was $237.855 billion (see Chunk 4).\n- META's context confirms that substantially all its revenue comes from advertising (see Chunk 15), but the exact dollar amount for advertising revenue in 2023 is not provided in the context above.\n- NFLX's context states that revenues earned from advertisements were not a material component of revenues for the years ended December 31, 2023 (see Chunk 12), indicating a much smaller advertising revenue compared to GOOG and META.\n\nTherefore, GOOG reported the highest advertising revenue among the three companies in fiscal year 2023.",""
"20","cc000020","How does JPM's regulatory and capital-adequacy risk language compare to GS's in their fiscal year 2023 10-K?","JPM,GS","YES","All chunks are from JPM's own 2023 10-K filing.","0","3","4400","125291,125627,125678,125363,125384,125635,125916,125439,125747,125868,125390,125278,125212,125315,125263,42765","125,375","I cannot find sufficient information in the provided documents to answer this question.",""
"21","cc000021","How does AMZN's labor and unionization risk disclosure compare to WMT's in their fiscal year 2023 10-K?","AMZN,WMT","NO|NO|NO","Most chunks are from WMT filings, not AMZN.|Most chunks are from WMT filings, not AMZN.|All chunks are from WMT filings, not AMZN.","2","5","11787","158019,158047,158020,6272,6294,127918,158012,158054,158030,158130,158212,158031,158013,158239,158046,158022","472,21,382","I cannot find sufficient information in the provided documents to answer this question. The retrieved context includes detailed information about Walmart's business operations, human capital management, and other risk factors, but does not contain specific disclosures regarding unionization or labor risks for either Walmart (WMT) or Amazon (AMZN) in their fiscal year 2023 10-K filings. Only PWR's collective bargaining and unionization risks are discussed, and the AMZN context chunks do not include relevant content.",""
"23","cc000023","How does NVDA's China export-control risk disclosure compare to AMD's in their fiscal year 2023 10-K?","NVDA,AMD","YES","All chunks are from NVDA's own filings as indicated by the source filenames.","0","3","13391","111858,111865,111857,111866,141540,4610,111859,7788,111796,111809,111793,92249,42765,111861,98731,7569","422,294,334,17,274,25,26,125","NVIDIA (NVDA) and AMD both discuss significant risks related to U.S. export controls affecting their ability to sell advanced computing products to China in their fiscal year 2023 10-K filings, but there are differences in emphasis and detail.\n\n**NVIDIA's Disclosure:**\n- NVIDIA describes a wide range of risks arising from expanding U.S. export controls, including direct impacts on specific products (e.g., A100, H100, A800, H800, L40, L40S, RTX 4090), as well as the possibility that future controls could apply to even more products (Chunks 7, 11, 14).\n- The company highlights that licensing requirements for exports to China and certain other countries are effective immediately for several high-performance products, and that obtaining licenses is difficult, time-consuming, and uncertain (Chunk 14).\n- NVIDIA details broader business risks: disrupted supply chains, negative impacts on R&D (especially from deemed export restrictions), loss of market share to foreign competitors not subject to the same controls, risk of excess inventory, compliance burdens, and the potential for foreign government retaliation (Chunks 1, 2, 3, 4, 7, 14).\n- The company notes these controls have already harmed its competitive position and could further exclude it from the China market and others (Chunk 11).\n- NVIDIA also mentions that changes in U.S. export control rules can happen at any time, increasing business uncertainty and compliance risk (Chunks 1, 2, 3, 11).\n\n**AMD's Disclosure:**\n- AMD's disclosure also details new U.S. export controls as of October 2023, which restrict the export of certain advanced computing products (e.g., Instinct MI250, MI300 series, certain FPGAs) to China and entities with parent companies in D5 countries, including China, without a license (Chunk 6).\n- AMD discusses the Notified Advanced Computing (NAC) notification requirement and the possibility that more products may become subject to these controls, with BIS possibly prohibiting shipments or requiring licenses for notified products.\n- AMD emphasizes business risks including possible lost sales, adverse impacts on reputation, product roadmap delays (especially for R&D teams outside the U.S.), and the risk that even new products could be subject to future controls. It also raises the possibility of retaliatory measures from foreign governments and broader trade disruptions (Chunk 6).\n\n**Comparison:**\n- **Detail and Breadth:** NVIDIA's disclosure is broader and more detailed, describing not only the immediate impact on product sales and licensing difficulties but also secondary effects such as supply chain disruptions, competitive disadvantages, R&D delays, compliance burdens, and retaliation from China. AMD's disclosure is focused more on the direct impacts of specific export controls, licensing, and notification requirements, and the risk of future controls extending to additional products.\n- **Emphasis on Competitive Disadvantage:** NVIDIA places strong emphasis on how export controls are encouraging customers and foreign governments to shift to competitors not subject to U.S. controls, potentially harming its market position globally (Chunks 2, 4, 11). AMD mentions reputational impact and lost sales, but with less specific discussion of competitive disadvantage.\n- **Operational and Strategic Impact:** Both companies mention impacts on R&D and product roadmaps, but NVIDIA provides more detail on how deemed export restrictions and compliance burdens affect its operations and ability to execute strategy.\n- **Regulatory Uncertainty:** Both companies highlight the unpredictability of future export control changes, but NVIDIA's disclosure is more explicit about the business risk this uncertainty creates.\n- **Retaliation Risk:** Both companies acknowledge the possibility of retaliatory actions from China, but NVIDIA provides more context on how this could impact its supply chain and global business.\n\n**Summary Table:**\n\n| Risk Element                   | NVIDIA (NVDA)                  | AMD                          |\n|-------------------------------|--------------------------------|------------------------------|\n| Specific product restrictions  | Yes (detailed, list of products)| Yes (detailed, list of products) |\n| Licensing/notification process | Yes (describes NAC and difficulties) | Yes (describes NAC and licensing) |\n| Supply chain disruption        | Yes                            | Implied                      |\n| R&D impact                    | Yes (deemed export, delays)    | Yes (roadmap delays)         |\n| Competitive disadvantage      | Strong emphasis                | Mentioned, less detailed     |\n| Retaliatory measures          | Yes (supply chain, market access) | Yes (lost sales, reputation) |\n| Regulatory uncertainty        | Strong emphasis                | Yes                          |\n| Compliance burdens            | Yes                            | Implied                      |\n\n**Conclusion:**  \nNVIDIA's fiscal year 2023 10-K export-control risk disclosure is broader, more detailed, and places greater emphasis on competitive and operational impacts compared to AMD's. Both companies recognize the serious risks and uncertainty posed by U.S. export controls on advanced computing products to China, but NVIDIA outlines a wider range of potential negative effects on its business.",""
"22","cc000022","How does PFE's patent-expiration risk compare to MRK's in their fiscal year 2023 10-K?","PFE,MRK","YES","All chunks are from PFE's own 10-K filing.","0","3","16720","121920,121929,121941,121767,121766,121761,121759,106200,42765,106347,106289,106608,106605,106247,122184","125,318,367","Both Pfizer (PFE) and Merck (MRK) highlight patent-expiration risk as a significant challenge in their 2023 10-K filings, but they describe somewhat different timing and impacts for this risk:\n\nPfizer (PFE):\n\n- Pfizer states that certain products have already experienced patent expirations or loss of regulatory exclusivity in some markets in recent years, and expects more products to face increased generic competition in the next few years.\n- Pfizer anticipates a moderate impact of reduced revenues from patent expiries in 2024 through 2025, with a more significant impact expected from 2026 through 2030 as several in-line products experience patent expirations.\n- The company notes that the loss, expiration, or invalidation of intellectual property rights can quickly lead to revenue erosion due to generic and biosimilar competition, and that maintaining market exclusivity for the full estimated period is not guaranteed. (Chunks 4, 5)\n\nMerck (MRK):\n\n- Merck emphasizes that patent protection is of material importance for the marketing of its products and that loss or circumvention of patent rights could materially adversely affect its business.\n- The company seeks patent coverage for its products in all key markets and highlights its ongoing dependency on these rights for market exclusivity.\n- While Merck does not provide a specific forward-looking timeline for expected patent expiries and impacts in the provided context, it underscores the general risk of patent invalidation or circumvention and its material effect on business. (Chunk 11)\n\nComparison:\n\n- Pfizer provides more detailed and specific guidance on the timing and expected impact of patent expirations, forecasting a moderate revenue impact in 2024-2025 and a more significant impact in 2026-2030.\n- Merck discusses the importance and risk of patent expirations in general terms, focusing on the material impact but not specifying an expected timeline or quantifying the near-term impact in the excerpts provided.\n\nIn summary, both companies consider patent-expiration risk to be material, but Pfizer gives a clearer forecast of when and how much it expects this risk to affect revenues, whereas Merck emphasizes the general ongoing importance and risk without the same level of detail on timing or magnitude in the provided context.",""
"24","cc000024","How does XOM's climate-transition risk compare to CVX's in their fiscal year 2023 10-K?","XOM,CVX","YES","The majority of chunks are from XOM's own filings.","0","3","10161","163094,163102,43515,43524,163103,163187,43854,43856,163320,43579,163186,163319,163160,42765,163234,163241","129,125,486","Both ExxonMobil (XOM) and Chevron (CVX) recognize climate-transition risk as a significant factor in their business, as reflected in their 2023 10-K filings.\n\nFor ExxonMobil:\n- XOM highlights that its financial and operating results are subject to a variety of risks inherent in the oil, gas, and petrochemical industries, including the pursuit of lower-emission business opportunities. The company notes that its ability to successfully pursue lower-emission opportunities such as carbon capture, hydrogen, and lower-emission fuels depends on market development, supportive government policies, and technology (Chunks 2, 5).\n- XOM explicitly states that compliance with current and future environmental regulations and policies could materially affect capital expenditures, earnings, and competitive position (Chunk 2).\n- The company faces legal risks related to climate change, including multiple lawsuits from state and local governments seeking relief for alleged climate-related damages. XOM believes these claims are meritless but acknowledges the risk, even as it considers the likelihood of material adverse effects to be remote (Chunks 9, 12).\n- XOM's 2023 environmental expenditures were $7.1 billion, expected to increase to $9.7 billion in 2024 and $10.2 billion in 2025, reflecting ongoing and increasing investment in emission-reduction and compliance measures (Chunk 16).\n\nFor Chevron:\n- CVX also identifies exposure to risks from changing commodity prices, which are influenced by factors including the pursuit of a lower-carbon economy, greenhouse gas regulation, and climate change (Chunk 10).\n- Chevron emphasizes its aim to lower the carbon intensity of its operations and to comply with greenhouse gas-related laws and regulations. It refers to climate change regulation and associated risks as key risk factors, directing investors to further discussions of these issues in its risk factors and management's discussion (Chunk 10).\n- CVX is involved in industry cooperatives and projects to address oil spill response and containment, and is subject to environmental remediation provisions (Chunk 10).\n- While specific dollar figures for Chevron's environmental expenditures in 2023 are not provided in the retrieved context, the company discusses environmental expenditures and provisions in its 10-K (Chunk 10).\n\nIn summary: \nBoth ExxonMobil and Chevron identify climate-transition risks as material to their business, linked to regulatory compliance, market changes, technological advancements, and legal proceedings. ExxonMobil provides more detailed disclosure of specific climate-related legal actions and quantifies its rising environmental expenditures, while Chevron emphasizes compliance and transition efforts and refers to related financial impacts in its 10-K. Neither company claims immunity from climate-transition risks; both view them as ongoing, with potential material impact on their operations and financial condition.",""
"25","cc000025","How does META's antitrust and data-privacy regulatory risk language compare to GOOG's in their fiscal year 2023 10-K?","META,GOOG","NO|NO|NO","All chunks are from GOOG filings, not META.|All chunks are from GOOG filings, not META.|All chunks are from GOOG filings, not META.","2","5","18973","68790,68789,68870,68850,69008,102814,68846,68810,68976,68880,68872,102631,68995,102951,72227,102632","200,306,212","Both META (Meta Platforms, Inc.) and GOOG (Alphabet Inc.) highlight significant antitrust and data privacy regulatory risks in their fiscal year 2023 10-K filings, but there are some differences in emphasis and detail:\n\nGOOG (Alphabet):\n\n- Alphabet details ongoing and potential antitrust lawsuits and regulatory scrutiny in the U.S. and globally, including specific references to verdicts (e.g., Epic Games v. Google), investigations by the U.S. Department of Justice, European Commission (EC) fines and decisions, and other regulatory agencies challenging its business practices across advertising, search, Android, and Google Play (Chunks 4, 9).\n- Alphabet describes the risks of substantial fines, penalties, changes to business models, divestitures, and ongoing monitoring as possible outcomes of these proceedings, which could harm its business, financial condition, and reputation (Chunk 4).\n- On data privacy, Alphabet emphasizes the complexity and fast-evolving nature of privacy, data protection, and data usage regulations worldwide, including potential impacts from laws affecting data collection, children's data, and data localization. The company notes that non-compliance or adverse changes could have material effects on operations (Chunks 7, 8).\n- Alphabet also highlights new and proposed regulations focused on AI, content moderation, copyright, and consumer protection, and the potential for significant compliance challenges and enforcement actions (Chunk 7).\n\nMETA (Meta Platforms):\n\n- Meta similarly notes that it faces complex and evolving U.S. and foreign laws regarding privacy, data use, competition, and related matters, and that regulatory inquiries or investigations could result in substantial fines, required changes to business practices, resource diversion, and reputational harm (Chunk 6).\n- Meta provides specific examples, such as class actions related to data handling (e.g., Meta Pixel litigation), ongoing regulatory investigations in the U.S. and EU, and significant EU fines for GDPR violations, including a €1.2 billion fine and corrective orders from the Irish Data Protection Commission (Chunk 14).\n- Meta notes the continuing uncertainty in the interpretation of privacy laws like the GDPR and the potential for additional regulatory requirements or restrictions (Chunk 14).\n- Meta also discusses the risk of modifications to existing consent orders by regulators such as the FTC, with potentially additional requirements and ongoing legal challenges (Chunk 14).\n\nSummary of Comparison:\n\n- Both companies face ongoing antitrust investigations and lawsuits, with Alphabet providing more detail on the scope and outcomes of specific cases and fines, especially in the EU and U.S.\n- Both highlight the evolving landscape and complexity of global data privacy regulations and the risks of significant fines, operational changes, and reputational damage.\n- Meta's disclosures place particular emphasis on GDPR-related risks, large EU fines, and specific U.S. class actions, while Alphabet emphasizes a broader array of legal and regulatory risks, including AI, content moderation, and copyright.\n- Both recognize that regulatory outcomes are uncertain and could materially impact their business and finances.\n\nIn summary, both META and GOOG present robust warnings about antitrust and data privacy regulatory risks, with detailed references to ongoing cases, potential penalties, and the challenges of complying with rapidly changing global regulations. Their language is similar in scope, though each stresses particular risks most relevant to their ongoing legal and regulatory matters.",""
