system,group,n,avg,fail,c7,c8,p10
cbr,01,300,5.85,0.2433,0.55,0.4767,0.12
cbr,02,300,6.1733,0.2167,0.59,0.5167,0.16
cbr,03,300,5.6433,0.2567,0.4967,0.44,0.14
cbr,04,300,6.2133,0.21,0.57,0.5133,0.1467
cbr,05,300,6.2133,0.2,0.6067,0.5067,0.1233
cbr,mean,1500,6.0187,0.2253,0.5627,0.4907,0.138
sfr,01,300,6.53,0.0933,0.6067,0.44,0.0767
sfr,02,300,6.6067,0.0933,0.6433,0.4633,0.0867
sfr,03,300,6.1067,0.12,0.51,0.3667,0.1067
sfr,04,300,6.6667,0.0967,0.6267,0.5067,0.1
sfr,05,300,6.3233,0.11,0.59,0.4233,0.0533
sfr,mean,1500,6.4467,0.1027,0.5953,0.44,0.0847
hdrr,01,300,7.44,0.07,0.7567,0.6467,0.2
hdrr,02,300,7.7633,0.05,0.8133,0.7267,0.19
hdrr,03,300,7.3867,0.0733,0.73,0.63,0.2167
hdrr,04,300,7.7233,0.0533,0.7833,0.71,0.2133
hdrr,05,300,7.39,0.0733,0.7367,0.6733,0.1833
hdrr,mean,1500,7.5407,0.064,0.764,0.6773,0.2007
cbrmeta,01,300,6.73,0.1267,0.65,0.5433,0.17
cbrmeta,02,300,7.1833,0.1,0.7,0.6133,0.1867
cbrmeta,03,300,6.5867,0.1267,0.64,0.54,0.1533
cbrmeta,04,300,7.2067,0.0967,0.72,0.6167,0.2
cbrmeta,05,300,6.8667,0.1333,0.67,0.5833,0.16
cbrmeta,mean,1500,6.9147,0.1167,0.676,0.5793,0.174
cbrllm,01,300,7.1967,0.1067,0.72,0.6233,0.1967
cbrllm,02,300,7.33,0.0967,0.74,0.68,0.19
cbrllm,03,300,7.1,0.1033,0.7,0.61,0.2233
cbrllm,04,300,7.3667,0.0767,0.73,0.65,0.22
cbrllm,05,300,7.3167,0.0833,0.7433,0.6633,0.1833
cbrllm,mean,1500,7.262,0.0933,0.7267,0.6453,0.2027
agentic,01,300,6.2067,0.1833,0.5967,0.51,0.1433
agentic,02,300,6.4067,0.1667,0.5833,0.5067,0.1533
agentic,03,300,6.13,0.2,0.5567,0.4867,0.1333
agentic,04,300,6.64,0.1567,0.6233,0.5367,0.1867
agentic,05,300,6.42,0.16,0.62,0.5333,0.13
agentic,mean,1500,6.3607,0.1733,0.596,0.5147,0.1493
