system,query_id,named_tickers,retrieved_tickers,missing_retrieved,answer_mentions,missing_in_answer,retrieval_coverage,answer_coverage,routed_tickers,missing_routed,routing_coverage,routing_status,verification_result,retry_count
CBR,cc000001,"AAPL,MSFT","AAPL,MSFT",,"AAPL,MSFT",,1.000,1.000,,,,,,
CBR,cc000002,"NVDA,AMD","AMD,NVDA",,"AMD,NVDA",,1.000,1.000,,,,,,
CBR,cc000003,"WMT,TGT","TGT,WMT",,"TGT,WMT",,1.000,1.000,,,,,,
CBR,cc000004,"KO,PEP","KO,PEP",,"KO,PEP",,1.000,1.000,,,,,,
CBR,cc000005,"HD,LOW","HD,LOW",,"HD,LOW",,1.000,1.000,,,,,,
CBR,cc000006,"JPM,BAC","BAC,JPM",,"BAC,JPM",,1.000,1.000,,,,,,
CBR,cc000007,"XOM,CVX","CVX,XOM",,"CVX,XOM",,1.000,1.000,,,,,,
CBR,cc000008,"PFE,MRK","MRK,PFE",,"MRK,PFE",,1.000,1.000,,,,,,
CBR,cc000009,"UNH,CI","CI,UNH",,"CI,UNH",,1.000,1.000,,,,,,
CBR,cc000010,"UPS,FDX",FDX,UPS,"FDX,UPS",,0.500,1.000,,,,,,
CBR,cc000011,"NVDA,AMD,INTC","AMD,INTC,NVDA",,"AMD,INTC,NVDA",,1.000,1.000,,,,,,
CBR,cc000012,"WMT,COST,TGT",WMT,"COST,TGT","COST,TGT,WMT",,0.333,1.000,,,,,,
CBR,cc000013,"DAL,UAL,AAL","AAL,DAL,UAL",,"AAL,DAL,UAL",,1.000,1.000,,,,,,
CBR,cc000014,"RTX,LMT,NOC","NOC,RTX",LMT,"LMT,NOC,RTX",,0.667,1.000,,,,,,
CBR,cc000015,"JNJ,PFE,MRK","JNJ,MRK,PFE",,"JNJ,MRK,PFE",,1.000,1.000,,,,,,
CBR,cc000016,"GS,MS,JPM","GS,JPM",MS,"GS,JPM,MS",,0.667,1.000,,,,,,
CBR,cc000017,"META,GOOG,NFLX","GOOG,META",NFLX,"GOOG,META,NFLX",,0.667,1.000,,,,,,
CBR,cc000018,"TSLA,GM,F","F,GM,TSLA",,"F,GM,TSLA",,1.000,1.000,,,,,,
CBR,cc000019,"AAPL,MSFT","AAPL,MSFT",,"AAPL,MSFT",,1.000,1.000,,,,,,
CBR,cc000020,"JPM,GS",JPM,GS,,"GS,JPM",0.500,0.000,,,,,,
CBR,cc000021,"AMZN,WMT","AMZN,WMT",,"AMZN,WMT",,1.000,1.000,,,,,,
CBR,cc000022,"PFE,MRK","MRK,PFE",,"MRK,PFE",,1.000,1.000,,,,,,
CBR,cc000023,"NVDA,AMD","AMD,NVDA",,"AMD,NVDA",,1.000,1.000,,,,,,
CBR,cc000024,"XOM,CVX","CVX,XOM",,"CVX,XOM",,1.000,1.000,,,,,,
CBR,cc000025,"META,GOOG","GOOG,META",,"GOOG,META",,1.000,1.000,,,,,,
V-B,cc000001,"AAPL,MSFT","AAPL,MSFT",,"AAPL,MSFT",,1.000,1.000,,,,,,
V-B,cc000002,"NVDA,AMD","AMD,NVDA",,"AMD,NVDA",,1.000,1.000,,,,,,
V-B,cc000003,"WMT,TGT",WMT,TGT,"TGT,WMT",,0.500,1.000,,,,,,
V-B,cc000004,"KO,PEP","KO,PEP",,"KO,PEP",,1.000,1.000,,,,,,
V-B,cc000005,"HD,LOW","HD,LOW",,"HD,LOW",,1.000,1.000,,,,,,
V-B,cc000006,"JPM,BAC","BAC,JPM",,"BAC,JPM",,1.000,1.000,,,,,,
V-B,cc000007,"XOM,CVX","CVX,XOM",,"CVX,XOM",,1.000,1.000,,,,,,
V-B,cc000008,"PFE,MRK","MRK,PFE",,"MRK,PFE",,1.000,1.000,,,,,,
V-B,cc000009,"UNH,CI","CI,UNH",,"CI,UNH",,1.000,1.000,,,,,,
V-B,cc000010,"UPS,FDX","FDX,UPS",,"FDX,UPS",,1.000,1.000,,,,,,
V-B,cc000011,"NVDA,AMD,INTC","AMD,INTC,NVDA",,"AMD,INTC,NVDA",,1.000,1.000,,,,,,
V-B,cc000012,"WMT,COST,TGT",WMT,"COST,TGT","COST,TGT,WMT",,0.333,1.000,,,,,,
V-B,cc000013,"DAL,UAL,AAL","AAL,DAL,UAL",,"AAL,DAL,UAL",,1.000,1.000,,,,,,
V-B,cc000014,"RTX,LMT,NOC","LMT,NOC,RTX",,"LMT,NOC,RTX",,1.000,1.000,,,,,,
V-B,cc000015,"JNJ,PFE,MRK","JNJ,MRK,PFE",,"JNJ,MRK,PFE",,1.000,1.000,,,,,,
V-B,cc000016,"GS,MS,JPM","GS,JPM",MS,"GS,JPM,MS",,0.667,1.000,,,,,,
V-B,cc000017,"META,GOOG,NFLX","GOOG,META,NFLX",,"GOOG,META,NFLX",,1.000,1.000,,,,,,
V-B,cc000018,"TSLA,GM,F","F,GM,TSLA",,"F,GM,TSLA",,1.000,1.000,,,,,,
V-B,cc000019,"AAPL,MSFT","AAPL,MSFT",,"AAPL,MSFT",,1.000,1.000,,,,,,
V-B,cc000020,"JPM,GS",JPM,GS,GS,JPM,0.500,0.500,,,,,,
V-B,cc000021,"AMZN,WMT","AMZN,WMT",,"AMZN,WMT",,1.000,1.000,,,,,,
V-B,cc000022,"PFE,MRK","MRK,PFE",,"MRK,PFE",,1.000,1.000,,,,,,
V-B,cc000023,"NVDA,AMD","AMD,NVDA",,"AMD,NVDA",,1.000,1.000,,,,,,
V-B,cc000024,"XOM,CVX","CVX,XOM",,"CVX,XOM",,1.000,1.000,,,,,,
V-B,cc000025,"META,GOOG","GOOG,META",,"GOOG,META",,1.000,1.000,,,,,,
Agentic,cc000003,"WMT,TGT","TGT,WMT",,"TGT,WMT",,1.000,1.000,,,,,YES,0
Agentic,cc000001,"AAPL,MSFT","AAPL,MSFT",,"AAPL,MSFT",,1.000,1.000,,,,,YES,0
Agentic,cc000002,"NVDA,AMD","AMD,NVDA",,"AMD,NVDA",,1.000,1.000,,,,,YES,0
Agentic,cc000006,"JPM,BAC","BAC,JPM",,"BAC,JPM",,1.000,1.000,,,,,YES,0
Agentic,cc000004,"KO,PEP","KO,PEP",,"KO,PEP",,1.000,1.000,,,,,NO|YES,1
Agentic,cc000007,"XOM,CVX","CVX,XOM",,"CVX,XOM",,1.000,1.000,,,,,YES,0
Agentic,cc000009,"UNH,CI","CI,UNH",,"CI,UNH",,1.000,1.000,,,,,YES,0
Agentic,cc000005,"HD,LOW","HD,LOW",,"HD,LOW",,1.000,1.000,,,,,NO|YES,1
Agentic,cc000011,"NVDA,AMD,INTC","AMD,INTC,NVDA",,"AMD,INTC,NVDA",,1.000,1.000,,,,,YES,0
Agentic,cc000008,"PFE,MRK","MRK,PFE",,"MRK,PFE",,1.000,1.000,,,,,NO|NO|YES,2
Agentic,cc000010,"UPS,FDX","FDX,UPS",,"FDX,UPS",,1.000,1.000,,,,,NO|NO|NO,2
Agentic,cc000012,"WMT,COST,TGT",WMT,"COST,TGT","COST,TGT,WMT",,0.333,1.000,,,,,YES,0
Agentic,cc000013,"DAL,UAL,AAL","AAL,DAL,UAL",,"AAL,DAL,UAL",,1.000,1.000,,,,,NO|YES,1
Agentic,cc000014,"RTX,LMT,NOC","NOC,RTX",LMT,"LMT,NOC,RTX",,0.667,1.000,,,,,YES,0
Agentic,cc000015,"JNJ,PFE,MRK","JNJ,MRK,PFE",,"JNJ,MRK,PFE",,1.000,1.000,,,,,YES,0
Agentic,cc000016,"GS,MS,JPM","GS,JPM",MS,"GS,JPM,MS",,0.667,1.000,,,,,NO|YES,1
Agentic,cc000018,"TSLA,GM,F","F,GM,TSLA",,"F,GM,TSLA",,1.000,1.000,,,,,YES,0
Agentic,cc000019,"AAPL,MSFT","AAPL,MSFT",,,"AAPL,MSFT",1.000,0.000,,,,,YES,0
Agentic,cc000017,"META,GOOG,NFLX","GOOG,META,NFLX",,"GOOG,META,NFLX",,1.000,1.000,,,,,NO|NO|NO,2
Agentic,cc000020,"JPM,GS",JPM,GS,,"GS,JPM",0.500,0.000,,,,,YES,0
Agentic,cc000021,"AMZN,WMT","AMZN,WMT",,"AMZN,WMT",,1.000,1.000,,,,,NO|NO|NO,2
Agentic,cc000023,"NVDA,AMD","AMD,NVDA",,"AMD,NVDA",,1.000,1.000,,,,,YES,0
Agentic,cc000022,"PFE,MRK","MRK,PFE",,"MRK,PFE",,1.000,1.000,,,,,YES,0
Agentic,cc000024,"XOM,CVX","CVX,XOM",,"CVX,XOM",,1.000,1.000,,,,,YES,0
Agentic,cc000025,"META,GOOG","GOOG,META",,"GOOG,META",,1.000,1.000,,,,,NO|NO|NO,2
HDRR,cc000001,"AAPL,MSFT","AAPL,MSFT",,"AAPL,MSFT",,1.000,1.000,"AAPL,MSFT",,1.000,filename_fallback,,
HDRR,cc000002,"NVDA,AMD","AMD,NVDA",,"AMD,NVDA",,1.000,1.000,"AMD,NVDA",,1.000,filename_fallback,,
HDRR,cc000003,"WMT,TGT","TGT,WMT",,"TGT,WMT",,1.000,1.000,"TGT,WMT",,1.000,filename_fallback,,
HDRR,cc000005,"HD,LOW","HD,LOW",,"HD,LOW",,1.000,1.000,"HD,LOW",,1.000,filename_fallback,,
HDRR,cc000006,"JPM,BAC","BAC,JPM",,"BAC,JPM",,1.000,1.000,"BAC,JPM",,1.000,filename_fallback,,
HDRR,cc000004,"KO,PEP","KO,PEP",,"KO,PEP",,1.000,1.000,"KO,PEP",,1.000,filename_fallback,,
HDRR,cc000007,"XOM,CVX","CVX,XOM",,"CVX,XOM",,1.000,1.000,"CVX,XOM",,1.000,filename_fallback,,
HDRR,cc000008,"PFE,MRK","MRK,PFE",,"MRK,PFE",,1.000,1.000,"MRK,PFE",,1.000,filename_fallback,,
HDRR,cc000009,"UNH,CI","CI,UNH",,"CI,UNH",,1.000,1.000,"CI,UNH",,1.000,filename_fallback,,
HDRR,cc000010,"UPS,FDX","FDX,UPS",,"FDX,UPS",,1.000,1.000,"FDX,UPS",,1.000,filename_fallback,,
HDRR,cc000013,"DAL,UAL,AAL","AAL,DAL,UAL",,"AAL,DAL,UAL",,1.000,1.000,"AAL,DAL,UAL",,1.000,filename_fallback,,
HDRR,cc000012,"WMT,COST,TGT",WMT,"COST,TGT","COST,TGT,WMT",,0.333,1.000,"COST,TGT,WMT",,1.000,filename_fallback,,
HDRR,cc000015,"JNJ,PFE,MRK","JNJ,MRK,PFE",,"JNJ,MRK,PFE",,1.000,1.000,"JNJ,MRK,PFE",,1.000,filename_fallback,,
HDRR,cc000014,"RTX,LMT,NOC","LMT,NOC,RTX",,"LMT,NOC,RTX",,1.000,1.000,"LMT,NOC,RTX",,1.000,filename_fallback,,
HDRR,cc000016,"GS,MS,JPM","GS,JPM,MS",,"GS,JPM,MS",,1.000,1.000,"GS,JPM,MS",,1.000,filename_fallback,,
HDRR,cc000011,"NVDA,AMD,INTC","AMD,INTC,NVDA",,"AMD,INTC,NVDA",,1.000,1.000,"AMD,INTC,NVDA",,1.000,filename_fallback,,
HDRR,cc000017,"META,GOOG,NFLX","GOOG,META,NFLX",,"GOOG,META,NFLX",,1.000,1.000,"GOOG,META,NFLX",,1.000,filename_fallback,,
HDRR,cc000018,"TSLA,GM,F","F,GM,TSLA",,"F,GM,TSLA",,1.000,1.000,"F,GM,TSLA",,1.000,filename_fallback,,
HDRR,cc000019,"AAPL,MSFT",AAPL,MSFT,MSFT,AAPL,0.500,0.500,"AAPL,MSFT",,1.000,filename_fallback,,
HDRR,cc000020,"JPM,GS","GS,JPM",,"GS,JPM",,1.000,1.000,"GS,JPM",,1.000,filename_fallback,,
HDRR,cc000021,"AMZN,WMT","AMZN,WMT",,"AMZN,WMT",,1.000,1.000,"AMZN,WMT",,1.000,filename_fallback,,
HDRR,cc000024,"XOM,CVX","CVX,XOM",,"CVX,XOM",,1.000,1.000,"CVX,XOM",,1.000,filename_fallback,,
HDRR,cc000022,"PFE,MRK","MRK,PFE",,"MRK,PFE",,1.000,1.000,"MRK,PFE",,1.000,filename_fallback,,
HDRR,cc000023,"NVDA,AMD","AMD,NVDA",,"AMD,NVDA",,1.000,1.000,"AMD,NVDA",,1.000,filename_fallback,,
HDRR,cc000025,"META,GOOG","GOOG,META",,"GOOG,META",,1.000,1.000,"GOOG,META",,1.000,filename_fallback,,
