"original_row","query_id","query","tickers","routed_documents","routing_status","chunk_ids","document_ids","final_answer","error"
"1","cc000001","Compare R&D expenditure between AAPL and MSFT for fiscal year 2023.","AAPL,MSFT","data\10k\converted\AAPL.pdf,data\10k\converted\MSFT.pdf","filename_fallback","105841,105842,117,77,88,74,87,92,105826,91,105872,73,6,10,13","1,316","For fiscal year 2023, Apple (AAPL) reported research and development (R&D) expenses of $29,915 million, while Microsoft (MSFT) reported R&D expenses of $27,195 million. Therefore, Apple spent more on R&D than Microsoft in fiscal year 2023.",""
"3","cc000003","Compare operating cash flow between WMT and TGT for fiscal year 2023.","WMT,TGT","data\10k\converted\TGT.pdf,data\10k\converted\WMT.pdf","filename_fallback","158210,158170,158172,158156,158166,158207,158163,140224,158162,158155,158171,158161,158154,140263,158180","472,417","For fiscal year 2023, Walmart (WMT) reported operating cash flow (net cash provided by operating activities) of $28.8 billion. Target (TGT) reported operating cash flow of $8.6 billion for the same fiscal year.\n\nTherefore, Walmart's operating cash flow for 2023 was significantly higher than Target's.",""
"2","cc000002","Compare gross margin between NVDA and AMD for fiscal year 2023.","NVDA,AMD","data\10k\converted\AMD.pdf,data\10k\converted\NVDA.pdf","filename_fallback","111899,111911,111900,111910,4673,111901,111908,111967,111933,111937,4659,111888,111907,111890","17,334","For fiscal year 2023, NVIDIA (NVDA) reported a gross margin of 56.9%, while AMD reported a gross margin of 46%. Therefore, NVIDIA's gross margin was higher than AMD's by 10.9 percentage points in fiscal year 2023.",""
"4","cc000004","Compare free cash flow between KO and PEP for fiscal year 2023.","KO,PEP","data\10k\converted\KO.pdf,data\10k\converted\PEP.pdf","filename_fallback","123272,123308,123286,123309,123287,123269,93029,123289,123311,123307,123271,92937,93121,92938,123310","370,276","For fiscal year 2023:\n\n- PepsiCo (PEP) reported free cash flow of $8,122 million (or $8.1 billion). This is calculated as net cash provided by operating activities ($13,442 million) minus capital spending ($5,518 million), plus sales of property, plant, and equipment ($198 million) (see Chunk 5 and Chunk 6).\n\n- The Coca-Cola Company (KO) defines free cash flow as net cash provided by operating activities less purchases of property, plant, and equipment (see Chunk 13). However, the exact free cash flow figure for KO for 2023 is not explicitly provided in the retrieved context.\n\nTherefore, while PepsiCo's 2023 free cash flow is $8.1 billion, the specific 2023 free cash flow for Coca-Cola is not available in the provided documents.",""
"5","cc000005","Compare capital expenditure between HD and LOW for fiscal year 2023.","HD,LOW","data\10k\converted\HD.pdf,data\10k\converted\LOW.pdf","filename_fallback","90778,72067,72065,72064,90701,90803,72068,72047,90836,90832,72036,90831,90804,90699,90700","211,269","For fiscal year 2023, The Home Depot (HD) had capital expenditures of $3.2 billion, while Lowe's (LOW) had capital expenditures of $2.0 billion. Thus, Home Depot's capital expenditures were higher than Lowe's for that fiscal year.",""
"6","cc000006","Compare net interest income between JPM and BAC for fiscal year 2023.","JPM,BAC","data\10k\converted\BAC.pdf,data\10k\converted\JPM.pdf","filename_fallback","125171,125170,125200,125178,24773,125871,24477,24172,125890,125176,124983,125167,125245,24173,24532","73,375","For the fiscal year 2023:\n\n- JPMorgan Chase (JPM) reported net interest income of $89.3 billion.\n- Bank of America (BAC) reported net interest income of $57.5 billion.\n\nTherefore, JPMorgan Chase's net interest income for 2023 was significantly higher than that of Bank of America.",""
"7","cc000007","Compare capital expenditure between XOM and CVX for fiscal year 2023.","XOM,CVX","data\10k\converted\CVX.pdf,data\10k\converted\XOM.pdf","filename_fallback","163239,163238,163241,163174,43670,43660,43668,43669,163228,43732,163242,163172,163234,163299,163300","129,486","For fiscal year 2023, ExxonMobil (XOM) reported capital expenditures (Capex) of $26.3 billion. In comparison, Chevron (CVX) reported capital expenditures of $15.8 billion for the same period. Thus, XOM's capital expenditure was significantly higher than CVX's in 2023.",""
"8","cc000008","Compare R&D as a percentage of revenue between PFE and MRK for fiscal year 2023.","PFE,MRK","data\10k\converted\MRK.pdf,data\10k\converted\PFE.pdf","filename_fallback","106378,121918,121919,106396,122153,106471,106356,121989,121990,106379,106346,106475,106390,106397,106249","318,367","For fiscal year 2023:\n\n- Pfizer (PFE): Research and development (R&D) expenses were $10,679 million ($10.68 billion) and total revenues were $58,496 million ($58.50 billion). This means R&D expenses as a percentage of revenue were approximately 18.3%.  \n(Calculation: $10,679 million / $58,496 million ≈ 18.3%)\n\n- Merck (MRK): Research and development (R&D) expenses were $30.5 billion. However, the provided context does not specify Merck's total revenues for 2023, so the R&D as a percentage of revenue for Merck cannot be determined from the given information.\n\nTherefore, Pfizer's R&D as a percentage of revenue in 2023 was about 18.3%. For Merck, there is not enough information in the provided documents to calculate this percentage.",""
"10","cc000010","Compare operating margin between UPS and FDX for fiscal year 2023.","UPS,FDX","data\10k\converted\FDX.pdf,data\10k\converted\UPS.pdf","filename_fallback","153485,65123,65147,153472,65153,65146,153476,64960,65148,64959,65151,65289,153500,65116","458,189","For fiscal year 2023:\n\n- UPS had a consolidated operating margin of 6.3%. On an adjusted basis, UPS's operating margin was 9.0%. (See Chunk 1)\n- FedEx (FDX) had a consolidated operating margin of 5.4%. (See Chunk 2)\n\nIn summary, UPS's operating margin was higher than FedEx's in fiscal year 2023, both on a reported and adjusted basis.",""
"9","cc000009","Compare operating margin between UNH and CI for fiscal year 2023.","UNH,CI","data\10k\converted\CI.pdf,data\10k\converted\UNH.pdf","filename_fallback","149790,149791,149793,37496,37461,37413,149782,37418,37464,37222,37460,37465,37489,149904,37435,37198","448,111","For fiscal year 2023, the operating margin for UnitedHealth Group (UNH) was 8.7%. For The Cigna Group (CI), the pre-tax adjusted margin for the Cigna Healthcare segment was also 8.7%. Thus, both UNH and CI reported an operating/pre-tax adjusted margin of 8.7% for 2023. \n\n- UNH (UnitedHealth Group) operating margin (2023): 8.7%  \n- CI (Cigna Healthcare segment) pre-tax adjusted margin (2023): 8.7% \n\nReferences: [Chunk 1], [Chunk 3], [Chunk 5]",""
"11","cc000011","Which of NVDA, AMD, INTC reported the highest R&D spend in fiscal year 2023?","NVDA,AMD,INTC","data\10k\converted\AMD.pdf,data\10k\converted\INTC.pdf,data\10k\converted\NVDA.pdf","filename_fallback","111967,111933,111911,111899,111900,111937,4684,78546,78541,111901,78555,78559,111797,4689,111890","232,17,334","Based on the provided information:\n\n- NVIDIA (NVDA) reported research and development expenses of $8,675 million for fiscal year 2023 (year ended January 28, 2024).\n- AMD reported research and development expenses of $5,872 million for fiscal year 2023 (year ended December 30, 2023).\n- Intel (INTC) does not provide a single R&D number in the context above, but states that total R&D and MG&A expenses for 2024 were $22.1 billion, and R&D increased by $500 million from the previous year. However, a specific R&D figure for fiscal year 2023 is not explicitly provided in the retrieved context.\n\nFrom the available data, NVIDIA reported the highest R&D spend in fiscal year 2023 among the companies with explicit figures. If Intel's R&D number is required, more detailed breakdown would be needed, but it is not present in the provided context.",""
"13","cc000013","Which of DAL, UAL, AAL reported the highest operating cash flow in fiscal year 2023?","DAL,UAL,AAL","data\10k\converted\AAL.pdf,data\10k\converted\DAL.pdf,data\10k\converted\UAL.pdf","filename_fallback","12652,41777,12539,41836,41926,41744,41932,41858,41702,12499,41686,41687,150891,12749","123,451,39","Based on the provided context, the operating cash flows for fiscal year 2023 were:\n\n- Delta Air Lines (DAL): $6,464 million (Chunk 4)\n- American Airlines (AAL): $3,803 million (Chunk 3)\n- United Airlines (UAL): The provided context does not include the specific operating cash flow figure for 2023.\n\nTherefore, among the available data, Delta Air Lines (DAL) reported the highest operating cash flow in fiscal year 2023.",""
"14","cc000014","Which of RTX, LMT, NOC reported the highest backlog at the end of fiscal year 2023?","RTX,LMT,NOC","data\10k\converted\LMT.pdf,data\10k\converted\NOC.pdf,data\10k\converted\RTX.pdf","filename_fallback","135524,108405,135541,108546,135357,93368,108507,108506,108503,108606,135344,108499,108394,108396,135773","277,404,325","At the end of fiscal year 2023, RTX (Raytheon Technologies, now RTX Corporation) reported the highest backlog among the three companies. The reported backlogs at December 31, 2023, were:\n\n- RTX: $175 billion (see Chunk 1 and Chunk 5)\n- Lockheed Martin (LMT): $160.6 billion (see Chunk 6)\n- Northrop Grumman (NOC): $84.2 billion (see Chunk 2, Chunk 7, and Chunk 8)\n\nTherefore, RTX reported the highest backlog at the end of fiscal year 2023.",""
"15","cc000015","Which of JNJ, PFE, MRK reported the highest pharmaceutical-segment revenue in fiscal year 2023?","JNJ,PFE,MRK","data\10k\converted\JNJ.pdf,data\10k\converted\MRK.pdf,data\10k\converted\PFE.pdf","filename_fallback","85967,106584,106583,85978,121920,106586,106358,86154,106359,85977,85964,106347,106356,85899,121913,122153","318,254,367","Based on the provided context, the pharmaceutical-segment revenues for fiscal year 2023 are as follows:\n\n- Johnson & Johnson (JNJ) -- Innovative Medicine (Pharmaceutical) segment sales: $54.8 billion (Chunk 1).\n- Merck & Co. (MRK) -- Pharmaceutical segment sales: $53.6 billion (Chunk 3).\n- Pfizer (PFE) -- Total company revenues were $58.5 billion in 2023 (Chunk 16), but the specific pharmaceutical-segment revenue is not provided in the context above.\n\nTherefore, among JNJ and MRK (the only two for which pharmaceutical-segment data is available), Johnson & Johnson (JNJ) reported the highest pharmaceutical-segment revenue in fiscal year 2023, with $54.8 billion.",""
"12","cc000012","Which of WMT, COST, TGT reported the highest total revenue in fiscal year 2023?","WMT,COST,TGT","data\10k\converted\COST.pdf,data\10k\converted\TGT.pdf,data\10k\converted\WMT.pdf","filename_fallback","158207,158023,158165,158022,158286,158170,158019,158020,158166,158154,158284,158212,158169,158235,158155","472","Based on the provided context, Walmart (WMT) reported total revenues of $611.3 billion in fiscal year 2023. There is no information in the provided context about the total revenues of Costco (COST) or Target (TGT) for fiscal year 2023. However, among the companies mentioned in the context, Walmart (WMT) reported the highest total revenue for fiscal year 2023.",""
"16","cc000016","Which of GS, MS, JPM reported the highest investment-banking revenue in fiscal year 2023?","GS,MS,JPM","data\10k\converted\GS.pdf,data\10k\converted\MS.pdf,data\10k\converted\JPM.pdf","filename_fallback","125229,125241,125174,125171,125170,125178,125225,125868,125384,125655,125278,125259,125236,125443,125429","375","Based on the provided context, JPMorgan Chase (JPM) reported investment banking revenue of $6.2 billion in 2023. Additionally, it is noted that JPMorgan Chase ranked #1 for Global Investment Banking fees with an 8.8% wallet share for the year. There is no information provided about the investment-banking revenue for Goldman Sachs (GS) or Morgan Stanley (MS) in the context above.\n\nTherefore, based on the available information, JPMorgan Chase (JPM) reported the highest investment-banking revenue among the three for fiscal year 2023.",""
"17","cc000017","Which of META, GOOG, NFLX reported the highest advertising revenue in fiscal year 2023?","META,GOOG,NFLX","data\10k\converted\GOOG.pdf,data\10k\converted\META.pdf,data\10k\converted\NFLX.pdf","filename_fallback","68888,68933,68932,102863,68953,107290,102864,68931,68880,107302,68889,68934,68890,68801,107295","200,321,306","Based on the provided context:\n\n- META (Facebook/Meta Platforms) reported advertising revenue of $131,948 million in fiscal year 2023 (Chunk 4).\n- GOOG (Alphabet/Google) reported advertising revenue of $237,855 million in fiscal year 2023 (Chunk 1, Chunk 5).\n- NFLX (Netflix) did not report material advertising revenue; its revenues are primarily from subscriptions, and advertising revenue was not a material component in 2023 (Chunk 10).\n\nTherefore, GOOG (Alphabet/Google) reported the highest advertising revenue in fiscal year 2023.",""
"19","cc000019","How does AAPL's supply chain concentration risk compare to MSFT's in their fiscal year 2023 10-K?","AAPL,MSFT","data\10k\converted\AAPL.pdf,data\10k\converted\MSFT.pdf","filename_fallback","74,132,84,65,13,80,4,60,18,30,90,26,136,73,5,22","1","I cannot find sufficient information in the provided documents to answer this question. The context only provides details about Apple's supply chain concentration risk and does not include any information about Microsoft (MSFT) or its fiscal year 2023 10-K for comparison.",""
"18","cc000018","Which of TSLA, GM, F reported the highest automotive gross margin in fiscal year 2023?","TSLA,GM,F","data\10k\converted\F.pdf,data\10k\converted\GM.pdf,data\10k\converted\TSLA.pdf","filename_fallback","146329,146328,146331,146200,146308,146215,71327,63237,63235,71326,71340,71330,63252,71319,146440","184,209,438","Based on the provided context, TSLA (Tesla) reported the highest automotive gross margin in fiscal year 2023.\n\n- Tesla's automotive gross margin for 2023 was 19.4% (see Chunk 1 and Chunk 3).\n- GM and Ford do not report automotive gross margin directly in the context provided, but their reported EBIT margins for their automotive segments are significantly lower. For example:\n  - GM North America's EBIT-adjusted margin for 2023 was 8.7% (Chunk 7 and Chunk 10).\n  - Ford's company adjusted EBIT margin for 2023 was 5.9%, and Ford Pro (its most profitable automotive segment) had an EBIT margin of 12.4% (Chunk 8 and Chunk 9).\n\nTherefore, among TSLA, GM, and Ford, Tesla had the highest automotive gross margin in fiscal year 2023.",""
"20","cc000020","How does JPM's regulatory and capital-adequacy risk language compare to GS's in their fiscal year 2023 10-K?","JPM,GS","data\10k\converted\GS.pdf,data\10k\converted\JPM.pdf","filename_fallback","111349,110419,125319,124983,125291,125916,125747,125635,125678,125627,125363,125384,125315,125212,125439,125278","332,375","I cannot find sufficient information in the provided documents to answer this question. The retrieved context does not contain the specific regulatory and capital-adequacy risk language for either JPMorgan Chase (JPM) or Goldman Sachs (GS) from their fiscal year 2023 10-K filings.",""
"21","cc000021","How does AMZN's labor and unionization risk disclosure compare to WMT's in their fiscal year 2023 10-K?","AMZN,WMT","data\10k\converted\AMZN.pdf,data\10k\converted\WMT.pdf","filename_fallback","158012,6170,158296,158239,158030,158019,158297,158212,158009,158013,158055,158046,6272,158130,158131,158238","472,21","I cannot find sufficient information in the provided documents to answer this question. The retrieved context does not include specific details about Amazon's (AMZN) or Walmart's (WMT) labor and unionization risk disclosures in their respective fiscal year 2023 10-K filings.",""
"22","cc000022","How does PFE's patent-expiration risk compare to MRK's in their fiscal year 2023 10-K?","PFE,MRK","data\10k\converted\MRK.pdf,data\10k\converted\PFE.pdf","filename_fallback","106609,121920,106610,121929,106200,121941,106606,121716,106605,106608,121761,121759,121720,106607,106289,121953","318,367","Based on the provided context, both Pfizer (PFE) and Merck & Co., Inc. (MRK) identify patent expiration as a significant risk to their businesses in their fiscal year 2023 10-K filings.\n\nFor MRK:\n- Patent protection is described as materially important for marketing its products. The company relies on patents to provide market exclusivity for its products in the U.S. and major foreign markets. MRK emphasizes that if its patent rights are invalidated or circumvented, its business could be materially adversely affected (Chunk 15).\n\nFor PFE:\n- Pfizer discusses the expiration of patents as a key consideration and notes that the scope and duration of patent protection can vary by country. Regulatory exclusivity may also run concurrently with patent rights. The company highlights the significance of its patent portfolio and details how patent term extensions and adjustments may impact the duration of protection. Pfizer specifically mentions the impact of patent expiration on competition with generic and biosimilar products (Chunks 11, 12).\n\nIn summary, both companies acknowledge patent-expiration risk as a major concern, as the loss or expiration of patent protection can lead to increased competition from generics or biosimilars, potentially impacting revenues. Neither company quantifies the risk in the provided excerpts, but both view the protection and duration of patents as critical to their ongoing business success. There is no indication in the context that one company faces more or less risk than the other; both treat it as a material business risk in their 2023 10-Ks.",""
"23","cc000023","How does NVDA's China export-control risk disclosure compare to AMD's in their fiscal year 2023 10-K?","NVDA,AMD","data\10k\converted\AMD.pdf,data\10k\converted\NVDA.pdf","filename_fallback","111766,111865,111857,111767,111858,111768,111762,4773,111866,111900,111806,111796,111765,111899,111887,111859","17,334","Based on the provided context, there is extensive detail about NVIDIA's (NVDA) disclosure of China export-control risks in its fiscal year 2023 10-K, but there is no information about AMD's disclosure on this topic in the retrieved documents. \n\nNVIDIA's disclosures are comprehensive and highlight several key risks:\n\n- The U.S. government (USG) has imposed and may further impose export controls on NVIDIA products, especially GPUs and networking equipment related to AI and data centers, which directly impact the ability to export to China and other regions (Chunks 2, 3, 5, 9, 16).\n- These restrictions can disrupt NVIDIA's supply and distribution chains, negatively affect sales not only in China but also in other regions, and place NVIDIA at a competitive disadvantage compared to companies not subject to similar controls.\n- Export controls can lead customers to ""design out"" NVIDIA products, reduce overall demand, cause excess inventory, and increase compliance burdens.\n- Additional risks include potential retaliatory actions from foreign governments (especially China), inquiries and possible penalties from Chinese regulators, and the broader impact on NVIDIA's global operations and financial results.\n- There are also concerns about negative effects on NVIDIA's research and development due to deemed export controls limiting team capabilities.\n\nIn contrast, the retrieved context for AMD's 10-K (Chunk 8) does not contain any information or discussion regarding China export-control risks or related disclosures.\n\n**Conclusion:**  \nNVIDIA's 10-K includes detailed and specific disclosures about China export-control risks, covering regulatory impacts, supply chain disruptions, competitive disadvantages, compliance burdens, and potential foreign government responses. The provided AMD 10-K context does not include any comparable disclosure on this issue. Therefore, NVIDIA's risk disclosure in this area is much more extensive and explicit based on the available information.",""
"24","cc000024","How does XOM's climate-transition risk compare to CVX's in their fiscal year 2023 10-K?","XOM,CVX","data\10k\converted\CVX.pdf,data\10k\converted\XOM.pdf","filename_fallback","163097,163094,163102,163187,163189,163103,43579,163186,163364,43855,163234,163320,163241,43615,43613,43580","129,486","Based on the provided context, both ExxonMobil (XOM) and Chevron (CVX) acknowledge significant climate-transition risks in their 2023 10-K filings, but there are some distinctions in how they describe and manage these risks:\n\n**ExxonMobil (XOM):**\n- XOM identifies climate-transition risk as an inherent part of its business, stating that its financial and operating results are subject to risks in the global oil, gas, and petrochemical businesses, as well as in the pursuit of lower-emission business opportunities (Chunk 3, Chunk 6).\n- The company highlights that the pace and success of its lower-emission initiatives (e.g., carbon capture, hydrogen, lower-emission fuels, lithium) depend on market development, supportive government policies, and technology advancements (Chunk 6).\n- XOM incorporates a range of scenarios, including the IPCC and IEA pathways, into its long-term planning to assess uncertainties in the energy transition (Chunk 5). The company emphasizes that no single transition pathway can be predicted due to wide uncertainties, especially regarding government policy and technological progress.\n- XOM also notes exposure to legal risks from lawsuits related to climate change, but it believes these are unlikely to have a material adverse impact (Chunk 12).\n\n**Chevron (CVX):**\n- CVX similarly acknowledges climate-transition risk, noting that it is subject to the effects of changing commodity prices and the implications of moving toward a lower-carbon economy (Chunk 7, Chunk 16).\n- The company explicitly cites risks from greenhouse gas-related laws and regulations, as well as uncertainties in the pace of the energy transition, customer/consumer preferences, and technological advancements (Chunk 7, Chunk 16).\n- CVX's filings reference the potential impact of climate-related trends and uncertainties on business operations, emphasizing the volatility and unpredictability in regulatory and market responses to climate change (Chunk 7).\n\n**Comparison:**\n- Both companies recognize that climate-transition risk arises from a mix of market, regulatory, and technological uncertainties and that these could materially impact their businesses.\n- XOM provides more detail on scenario planning and the use of external frameworks (IPCC, IEA) for long-term business outlooks and investment decisions, while CVX focuses more on regulatory, market, and operational risk descriptions.\n- Both stress the unpredictability of the energy transition and the dependence on external factors, but XOM's filing places more emphasis on scenario analysis and the integration of transition risks into investment and corporate planning.\n\n**Summary:**  \nBoth XOM and CVX see climate-transition risk as significant and complex, driven by regulatory, market, and technological changes. XOM provides more detail on scenario modeling and long-term planning assumptions, while CVX focuses on regulatory compliance and the direct operational impacts of transition risk. Both companies recognize that the transition to a lower-carbon economy could materially affect their operations and financial results.",""
"25","cc000025","How does META's antitrust and data-privacy regulatory risk language compare to GOOG's in their fiscal year 2023 10-K?","META,GOOG","data\10k\converted\GOOG.pdf,data\10k\converted\META.pdf","filename_fallback","68785,68835,102590,68912,68870,69007,102814,102986,68849,102815,102632,68977,68976,68850,68923,102951","200,306","Both META (Meta Platforms, Inc.) and GOOG (Alphabet Inc.) discuss antitrust and data privacy regulatory risks extensively in their fiscal year 2023 10-K filings, highlighting ongoing investigations, lawsuits, and the potential for significant consequences. Here's a comparison based on the provided context:\n\nAntitrust Risks\n\n- META:\n  - Faces various litigation and government inquiries/investigations from competition authorities in the U.S., Europe, and other jurisdictions regarding business practices in social networking, digital advertising, online applications, and acquisitions (such as Instagram and WhatsApp).\n  - Notably, the FTC has filed a complaint seeking potential divestiture or restructuring of Instagram and WhatsApp.\n  - META acknowledges that such proceedings could lead to substantial fines, costs, changes to business practices, management distraction, and possible divestitures or changes to its business model (Chunks 10, 7).\n\n- GOOG:\n  - Details multiple antitrust investigations and fines, particularly from the European Commission (EC) regarding shopping search results, Android distribution, and AdSense agreements, with fines in the billions of euros and ongoing appeals.\n  - Also faces significant U.S. antitrust lawsuits from the DOJ and state Attorneys General concerning search, search advertising, and ad tech; some trials have concluded with pending remedies, while others are ongoing.\n  - GOOG notes possible consequences including substantial fines, injunctive relief, product changes, divestitures, ongoing monitoring, and other material adverse effects on business and reputation (Chunks 12, 13, 14).\n\nData Privacy Risks\n\n- META:\n  - Is under regulatory scrutiny in both the U.S. and Europe, with references to major fines (such as the €1.2 billion fine by the Irish Data Protection Commission for GDPR violations).\n  - Faces class actions and investigations regarding improper data collection and use, including cases involving Meta Pixel.\n  - Notes the complexity and evolving nature of privacy laws (GDPR, ePrivacy Directive) and the risk of substantial fines, required changes to business practices, and diversion of management resources (Chunks 7, 10, 16).\n\n- GOOG:\n  - Addresses concerns about data privacy and security, including the risk of regulatory action, legal liability, and reputational harm due to real or perceived failures in data practices.\n  - Highlights exposure to litigation, regulatory fines, penalties, and reputational harm from software bugs, security breaches, and evolving privacy expectations and regulations.\n  - GOOG's language emphasizes the potential for claims even if concerns are unfounded and the challenges of keeping up with changing legal requirements (Chunks 2, 9).\n\nSummary of Language and Tone\n\n- Both companies use strong, cautionary language, explicitly acknowledging the risk of substantial fines, changes to business models, ongoing litigation, and regulatory scrutiny.\n- GOOG provides more detail on specific fines and the scale of penalties already incurred, particularly in Europe, and outlines the broad scope of legal risks (antitrust, privacy, IP, consumer protection, etc.).\n- META's disclosures focus more on ongoing regulatory processes, the risk of forced divestitures, significant European privacy fines, and the evolving nature of privacy law interpretation.\n\nIn conclusion, while both META and GOOG acknowledge substantial antitrust and data-privacy regulatory risks with similar themes--ongoing investigations, significant potential fines, required operational changes, and reputational harm--GOOG provides more concrete examples of past fines and legal actions, whereas META places more emphasis on the potential for regulatory-driven business changes and major privacy-related penalties. Both companies recognize the rapidly evolving and uncertain regulatory environment as a material risk.",""
