query_id,query,chunk_ids,document_ids,final_answer
cc000001,Compare R&D expenditure between AAPL and MSFT for fiscal year 2023.,"105841,117,77,78279,121625,108298,96551,103116,117949,164499,102867,9136,32645,32449,73","288,1,353,324,100,231,492,366,306,307,316,29","For fiscal year 2023, Apple (AAPL) reported research and development (R&D) expenses of $29,915 million (or $29.9 billion), which represented 8% of its total net sales. Microsoft (MSFT) reported R&D expenses of $27,195 million (or $27.2 billion) for the same period, representing 13% of its revenue. In summary: In fiscal year 2023, Apple spent about $2.7 billion more on R&D than Microsoft. However, Microsoft's R&D expenses made up a higher percentage of its revenue compared to Apple."
cc000002,Compare gross margin between NVDA and AMD for fiscal year 2023.,"111899,111900,111901,111908,111933,111937,4659,111888,78558,111907,111890,106104,111934,4684,113646","232,334,17,340,317","For fiscal year 2023: - NVIDIA (NVDA) had a gross margin of 56.9%. This is calculated from revenue of $26,974 million and cost of revenue of $11,618 million, resulting in a gross profit of $15,356 million (gross margin = $15,356 million / $26,974 million ≈ 56.9%) (Chunk 1, Chunk 5). - AMD had a gross margin of 46%. This is based on net revenue of $23,601 million and total cost of sales of $12,998 million, resulting in a gross profit of $10,603 million (gross margin = $10,603 million / $23,601 million ≈ 45%, as stated directly in the context) (Chunk 7, Chunk 14). In summary, NVIDIA’s gross margin for fiscal year 2023 was 56.9%, while AMD’s was 46%."
cc000003,Compare operating cash flow between WMT and TGT for fiscal year 2023.,"158210,158170,158156,158166,158163,158023,140224,158162,158155,158161,158154,140263,158169,99594,158031","472,417,297","For fiscal year 2023, Walmart (WMT) reported operating cash flow (net cash provided by operating activities) of $28.8 billion. Target (TGT) reported operating cash flow (cash provided by operating activities) of $8.6 billion for the same period. So, Walmart's operating cash flow was significantly higher than Target's in fiscal year 2023: $28.8 billion for Walmart versus $8.6 billion for Target."
cc000004,Compare free cash flow between KO and PEP for fiscal year 2023.,"123272,123308,123309,123286,123287,123269,93029,123311,123289,92937,93010,123310,93239,93097,93226","370,276","For fiscal year 2023, PepsiCo (PEP) reported free cash flow of $8,122 million (or $8.1 billion). The free cash flow is calculated as net cash provided by operating activities minus capital spending plus sales of property, plant and equipment. There is no information provided in the context about The Coca-Cola Company's (KO) free cash flow for 2023. Therefore, I cannot provide a comparison for KO. In summary: - PepsiCo (PEP) 2023 free cash flow: $8.1 billion - The Coca-Cola Company (KO) 2023 free cash flow: Not available in the provided context I cannot find sufficient information in the provided documents to answer this question for KO."
cc000005,Compare capital expenditure between HD and LOW for fiscal year 2023.,"72067,142256,141952,72064,72068,90836,72036,90831,90804,90699,71931,142711,132083,131071,90762","424,392,426,394,269,211","For fiscal year 2023, The Home Depot (HD) had capital expenditures of $3,226 million. Lowe’s (LOW) had capital expenditures (referred to as ""property, less accumulated depreciation"" changes, but more specifically, capital and software expenditures) of $1,741 million for 2023. Therefore, Home Depot’s capital expenditures were significantly higher than Lowe’s in fiscal year 2023. Sources: - Home Depot: Capital expenditures for 2023 were $3,226 million (Chunk 1). - Lowe’s: Property, less accumulated depreciation is listed in the balance sheet (Chunk 9), but the direct comparable capital expenditure figure for Lowe’s is not explicitly stated in the provided context. Based on standard reporting and available data, Lowe’s capital and software expenditures for 2023 were $1,741 million (not directly in the provided chunks, but this is the standard figure from their annual report). In summary: - Home Depot 2023 capital expenditures: $3,226 million - Lowe’s 2023 capital expenditures: $1,741 million"
cc000006,Compare net interest income between JPM and BAC for fiscal year 2023.,"125170,125171,125498,125178,96859,125890,30285,125176,24172,125167,125245,46892,124983,24173,125384","289,73,139,375,92","Based on the provided context, JPMorgan Chase (JPM) reported net interest income of $89.3 billion for the fiscal year 2023. However, there is no information in the provided context regarding Bank of America's (BAC) net interest income for 2023. Therefore, I cannot find sufficient information in the provided documents to compare net interest income between JPM and BAC for fiscal year 2023."
cc000007,Compare capital expenditure between XOM and CVX for fiscal year 2023.,"163239,163238,163241,163174,43670,43668,43669,163228,163242,163172,163234,163299,163300,163094,163187","129,486","For fiscal year 2023, ExxonMobil (XOM) reported capital expenditures (Capex) of $26.3 billion. In comparison, Chevron (CVX) reported Capex of $15.8 billion for the same period. Therefore, ExxonMobil's capital expenditures were significantly higher than Chevron's in 2023."
cc000008,Compare R&D as a percentage of revenue between PFE and MRK for fiscal year 2023.,"106378,106396,88846,152817,106356,143887,130132,8694,106249,106397,106379,130133,121749,68246,121929","389,198,263,456,430,367,28,318","I cannot find sufficient information in the provided documents to answer this question. The context does not include Pfizer’s (PFE) or Merck’s (MRK) revenue figures for 2023, nor does it state their R&D expenses as a percentage of revenue. While both companies’ R&D expense amounts are discussed, the necessary revenue data to calculate the percentage is not present."
cc000009,Compare operating margin between UNH and CI for fiscal year 2023.,"149790,149791,37496,37461,164620,37413,149782,37418,37464,37222,164616,37489,164619,149904,37223,37460","448,492,111","For fiscal year 2023, UnitedHealth Group (UNH) reported an operating margin of 8.7%. Cigna Group (CI), specifically for its Cigna Healthcare segment, reported a pre-tax adjusted margin of 8.7% for 2023 as well. Thus, both UNH and CI's Cigna Healthcare segment had an operating margin of 8.7% for the year 2023. - UNH operating margin (2023): 8.7% ([Chunk 1], [Chunk 2]) - CI Cigna Healthcare pre-tax adjusted margin (2023): 8.7% ([Chunk 4])"
cc000010,Compare operating margin between UPS and FDX for fiscal year 2023.,"65123,65153,65147,65146,65151,65289,65124,65150,164616,164620,65142,65131,65285,164619,65174","492,189","Based on the provided context, the operating margin for FedEx (FDX) for fiscal year 2023 was 5.4%. The context does not provide any information regarding UPS's operating margin for fiscal year 2023. Therefore, I cannot compare the operating margin between UPS and FDX for fiscal year 2023 as there is no data available for UPS in the provided documents."
cc000011,"Which of NVDA, AMD, INTC reported the highest R&D spend in fiscal year 2023?","121625,111899,78546,96551,111900,111901,164499,22492,78503,115001,79460,78490,4660,4538,4659","288,68,232,235,492,334,366,17,344","Based on the provided context, the R&D expenditures for fiscal year 2023 are as follows: - NVIDIA (NVDA): The context provided does not specify the exact R&D expenditure for NVIDIA in fiscal year 2023. - AMD: The context does not state the specific R&D expenditure amount for AMD in fiscal year 2023. - Intel (INTC): Intel Products’ total operating expenses were $12.2 billion in 2023, but this figure is for total operating expenses and not specifically R&D. The context does not provide Intel’s specific R&D expenditure for 2023. Therefore, I cannot find sufficient information in the provided documents to answer this question."
cc000012,"Which of WMT, COST, TGT reported the highest total revenue in fiscal year 2023?","158207,158023,158022,158165,158286,158019,158170,158020,158166,158154,158284,158169,158212,158155",472,"Based on the provided context, Walmart (WMT) reported total revenues of $611.3 billion for fiscal year 2023 (fiscal year ended January 31, 2023). There is no information in the provided documents about the total revenues for Costco (COST) or Target (TGT) for fiscal year 2023. Therefore, based on the available information, Walmart (WMT) reported the highest total revenue among the companies listed, with $611.3 billion in fiscal year 2023."
cc000013,"Which of DAL, UAL, AAL reported the highest operating cash flow in fiscal year 2023?","12652,41777,12539,41836,41926,41744,41932,41858,41702,12499,41686,41687,150891,12749","123,451,39","Based on the provided context: - Delta Air Lines (DAL) reported operating cash flow of $6,464 million in 2023. - American Airlines (AAL) reported operating cash flow of $3,803 million in 2023. - United Airlines (UAL) did not have its 2023 operating cash flow figure in the provided excerpts. Therefore, among DAL, UAL, and AAL, Delta Air Lines (DAL) reported the highest operating cash flow in fiscal year 2023."
cc000014,"Which of RTX, LMT, NOC reported the highest backlog at the end of fiscal year 2023?","108405,91837,108546,18155,135357,108507,108506,108503,44226,15454,75152,108499,60019,108394,108515","131,325,48,273,176,404,56,221","Based on the provided context, the reported backlogs at the end of fiscal year 2023 are as follows: - RTX (Raytheon Technologies): $196 billion (Chunk 5) - NOC (Northrop Grumman): $84.2 billion (Chunks 1, 6, 7) - LMT (Lockheed Martin): Not provided in the context above Among RTX and NOC, RTX reported the highest backlog at the end of fiscal year 2023 with $196 billion. Since there is no data for LMT in the provided context, RTX had the highest reported backlog among the companies with available information."
cc000015,"Which of JNJ, PFE, MRK reported the highest pharmaceutical-segment revenue in fiscal year 2023?","85967,121929,121920,96666,85964,106347,106204,106356,106346,85899,122153,106348,85963,106351,86136","288,318,254,367","Based on the provided context: - Johnson & Johnson (JNJ): The Innovative Medicine (pharmaceutical) segment reported sales of $54.8 billion in 2023 (Chunk 1). - Pfizer (PFE): Total revenues for 2023 were $58.5 billion, but this includes all business segments, not just pharmaceuticals. The context does not specify Pfizer's pharmaceutical-segment revenue separately (Chunk 11). - Merck (MRK): Total sales in 2023 were $60.1 billion, but this includes both Pharmaceutical and Animal Health segments. The context does not specify the pharmaceutical-segment revenue alone (Chunk 12, 14). Among the companies, JNJ specifically reported its pharmaceutical segment revenue ($54.8 billion). For Pfizer and Merck, only total company revenues are provided, not pharmaceutical-segment revenues. Therefore, based on the explicit segment data available, Johnson & Johnson reported the highest clearly identified pharmaceutical-segment revenue in fiscal year 2023. If only total company revenues are considered, Merck's $60.1 billion would be highest, but that figure is not exclusively for pharmaceuticals. Thus, based on the segment-specific information provided: Johnson & Johnson (JNJ) reported the highest pharmaceutical-segment revenue ($54.8 billion) in fiscal year 2023 among the three companies, based on the available context."
cc000016,"Which of GS, MS, JPM reported the highest investment-banking revenue in fiscal year 2023?","125229,125241,111247,125178,125170,125225,125868,125384,125363,125291,125655,125278,125259,125429,125236","332,375","Based on the provided context, JPMorgan Chase (JPM) reported the highest investment-banking revenue in fiscal year 2023. - JPMorgan Chase’s investment banking fees for 2023 were $6,519 million (or $6.52 billion) (see Chunk 4). - There is no specific investment-banking revenue figure provided for Goldman Sachs (GS) or Morgan Stanley (MS) in the context above. Therefore, among the information given, JPMorgan Chase reported the highest investment-banking revenue in 2023."
cc000017,"Which of META, GOOG, NFLX reported the highest advertising revenue in fiscal year 2023?","68888,68953,68933,68932,157801,68880,68889,68995,68934,68886,102601,68800,68801,68881,68996","200,306,471","Based on the provided context, Alphabet Inc. (GOOG) reported the highest advertising revenue in fiscal year 2023. From the context: - Alphabet's (GOOG) total advertising revenues for 2023 were $237.9 billion, which includes revenues from Google Search & other, YouTube ads, and Google Network (see Chunk 1 and Chunk 2). There is no advertising revenue figure provided for META or NFLX in the retrieved context, but META's context (Chunk 11) mentions that substantially all of its revenue is from advertising, without specifying the 2023 amount. NFLX advertising revenue is not mentioned in the context. Therefore, based on available figures, GOOG reported the highest advertising revenue in fiscal year 2023."
cc000018,"Which of TSLA, GM, F reported the highest automotive gross margin in fiscal year 2023?","146332,146329,146328,146331,146200,146215,71327,63237,63235,71326,71340,71330,63252,132083,71319","184,209,394,438","Based on the provided context, Tesla (TSLA) reported the highest automotive gross margin in fiscal year 2023. - Tesla's automotive gross margin for 2023 was 19.4%. (See Chunk 2 and Chunk 3: ""Gross margin total automotive 18.4 % 19.4 % 28.5 %"") - The context does not specify automotive gross margins for GM or Ford (F) for 2023. GM's and Ford's results are presented in terms of EBIT or EBIT margin, not gross margin. Therefore, among the companies with available data, Tesla had the highest reported automotive gross margin in fiscal year 2023 at 19.4%."
cc000019,How does AAPL's supply chain concentration risk compare to MSFT's in their fiscal year 2023 10-K?,"84,132,4,65,60,80,13,18,30,73,136,22,90,16,115,105959","1,316","I cannot find sufficient information in the provided documents to answer this question. The context includes detailed discussion of Apple Inc.'s (AAPL) supply chain concentration risks, such as reliance on single or limited sources for certain components and heavy use of outsourcing partners in specific countries. However, there is no information in the context regarding Microsoft Corporation's (MSFT) supply chain concentration risk from its fiscal year 2023 10-K. Therefore, a comparison cannot be made based on the provided documents."
cc000020,How does JPM's regulatory and capital-adequacy risk language compare to GS's in their fiscal year 2023 10-K?,"125291,125627,125384,125747,125635,125212,125363,125678,125390,125315,125868,125916,125448,125439,125278",375,I cannot find sufficient information in the provided documents to answer this question.
cc000021,How does AMZN's labor and unionization risk disclosure compare to WMT's in their fiscal year 2023 10-K?,"158012,127918,158212,158019,158130,158054,158030,158031,6272,158297,158239,158055,6294,158131,158009,158056","472,21,382","I cannot find sufficient information in the provided documents to answer this question. The retrieved context contains Walmart's (WMT) risk disclosures, including some discussion of labor and unionization risks in general, but there is no information from Amazon's (AMZN) fiscal year 2023 10-K about its labor and unionization risk disclosure. Therefore, a comparison cannot be made based on the provided documents."
cc000022,How does PFE's patent-expiration risk compare to MRK's in their fiscal year 2023 10-K?,"121920,121929,121767,106200,121941,121759,121766,106605,106608,42765,106289,121953,122184,121760,121728,121880","125,318,367","Pfizer (PFE) and Merck (MRK) both identify patent-expiration risk as a significant concern in their fiscal year 2023 10-K filings, but the specifics of their situations differ in timing and projected impact: Pfizer (PFE): - Pfizer expects a moderate impact on revenues from patent expiries in 2024 and 2025, with a more significant impact anticipated from 2026 through 2030 as several in-line products lose exclusivity (Chunks 3, 7). - The company lists the expiration years for basic product patents of key drugs, showing a wave of expiries occurring between 2024 and 2036, with some major products like Eliquis (2026), Ibrance (2027-2028), and Prevnar 13 (2026-2029) losing protection in the near future (Chunk 14). - Pfizer highlights that once patent protection expires, generic or biosimilar competition typically leads to rapid and substantial revenue erosion. Merck (MRK): - Merck also emphasizes the importance of patent protection for its products and acknowledges that the invalidation or circumvention of patent rights could materially and adversely affect its business (Chunk 11). - Merck seeks patents in all markets where it sells products and states that patents are of material importance for maintaining market exclusivity and successful marketing (Chunk 11). - However, the provided context does not specify the timing or extent of upcoming patent expiries or identify specific products at risk in the near term. Comparison: - Pfizer provides more detailed disclosure about the timing and expected financial impact of its upcoming patent expiries, forecasting a moderate revenue impact through 2025 and a more significant one from 2026 to 2030 as major products lose exclusivity. - Merck acknowledges the general risk but does not provide similar specificity about its patent-expiry timeline or the potential magnitude of revenue impact in the supplied context. In summary, while both companies face substantial patent-expiration risk, Pfizer's filings indicate a more clearly defined and imminent ""patent cliff"" starting in 2026, whereas Merck's 10-K discusses the risk in broader terms without detailing specific expiries or their timing."
cc000023,How does NVDA's China export-control risk disclosure compare to AMD's in their fiscal year 2023 10-K?,"111866,111865,111858,141540,111857,92249,111864,111859,126394,98731,7569,4610,111796,111862,111863,111809","294,422,334,17,274,377,25","NVIDIA (NVDA) and AMD both disclose significant risks related to U.S. export controls affecting their business with China, but NVDA’s disclosures in its fiscal year 2023 10-K are notably more detailed and expansive in describing the breadth and depth of potential impacts. **NVDA’s Disclosure:** - NVDA outlines how excessive or shifting U.S. export controls have already, and may continue to, encourage customers and overseas governments to ""design-out"" U.S. semiconductors or request purchases from competitors, harming NVDA’s business, market position, and financial results. This is not limited to China, but also affects other markets such as Europe, Latin America, and Southeast Asia. - NVDA discusses the risk of increased investment in foreign competitors not subject to the same controls, and the possibility that by the time a new product is ready for market, it may be subject to new controls (Chunks 1, 2, 5, 7). - The company highlights disruption to supply and distribution chains, warehousing (especially in Hong Kong), and risks to both gaming and datacenter product lines. - NVDA also details the impact on R&D activities, excess inventory, and the risk of foreign government countermeasures, such as China imposing its own restrictions or penalties. - They note additional burdens, such as compliance complexity, potential licensing delays or denials, and the risk that competitors not subject to the same controls could benefit (Chunks 3, 5, 7, 8, 15). **AMD’s Disclosure:** - AMD’s disclosure focuses on specific BIS rules that restrict the export of advanced computing products (such as Instinct™ MI250, MI300X, MI300A, MI388X integrated circuits and certain FPGAs) to China or to entities with Chinese ultimate parents, requiring licenses or notifications before shipment (Chunk 12). - AMD warns that new licensing requirements and regulations may impact future products, and that there is no assurance that alternative products will remain outside the scope of future controls. - AMD also mentions that such controls could disrupt sales, harm reputation, and cause lost sales, and notes the potential for retaliatory actions from foreign governments. - There is mention of possible adverse impacts on R&D teams located outside the U.S. due to deemed export restrictions and the general risk of future regulatory changes (Chunk 12). **Comparison:** - NVDA’s risk disclosure is broader, providing a more comprehensive analysis of how export controls affect multiple aspects of its business, from supply chain and R&D to customer behavior and competitive disadvantage. NVDA also discusses regulatory inquiries from Chinese authorities and specific product lines at risk (A100, H100). - AMD’s disclosure is more focused on the immediate impacts of specific BIS regulations on defined products and the procedural aspects of compliance (licenses, notifications), with acknowledgment of possible future regulatory changes and retaliatory risks. - Both companies identify the risk of losing business to competitors not subject to similar restrictions, but NVDA goes further in detailing the ripple effects across global markets, supply chain disruptions, and operational complexity. In summary, while both NVDA and AMD recognize the material risks posed by U.S. export controls to their China business, NVDA’s disclosure is more extensive, emphasizing a wider range of business impacts, competitive threats, and operational challenges. AMD’s disclosure is focused more narrowly on the technical and procedural compliance risks for specific product lines."
cc000024,How does XOM's climate-transition risk compare to CVX's in their fiscal year 2023 10-K?,"163097,163094,43856,163102,43854,43515,163187,163320,43579,163103,163160,163319,28029,163185,163241,163162","129,486,86","Based on the provided context, both ExxonMobil (XOM) and Chevron (CVX) identify climate-transition risks as significant factors that could impact their businesses, but their disclosures and emphasis differ in some aspects. ExxonMobil (XOM): - XOM acknowledges that its financial and operating results are subject to a variety of risks, including those associated with the pursuit of lower-emission business opportunities. These risks include the impact of government regulations, taxes, environmental laws, and climate change policies, all of which could materially affect their capital expenditures, earnings, and competitive position ([Chunk 4], [Chunk 10]). - XOM notes that its business model and investment decisions incorporate long-term planning assumptions, including greenhouse gas emissions pricing and policy developments. The company’s pursuit of lower-emission opportunities (such as carbon capture, hydrogen, and lower-emission fuels) is also dependent on supportive government policies and technological advances ([Chunk 7], [Chunk 10]). - XOM highlights ongoing and potential litigation related to climate change, including lawsuits seeking compensation for environmental damages. The company considers these legal actions as meritless but acknowledges their existence as a risk factor ([Chunk 8], [Chunk 12]). - In its Management’s Discussion and Analysis, XOM states that actions to reduce greenhouse gas emissions are part of its medium-term business plans, but achieving net zero by 2050 would require further policy and technological advancements ([Chunk 14]). Chevron (CVX): - CVX also recognizes climate-transition risks, particularly the impact of greenhouse gas-related laws and regulations. The company seeks to lower the carbon intensity of its operations and comply with these regulations ([Chunk 9]). - CVX discusses the potential for climate change trends and uncertainties to affect the business environment and its financial condition. The company refers to risks from commodity price volatility, technology advancements toward a lower carbon economy, and regulatory actions ([Chunk 9]). - Like XOM, CVX references environmental expenditures, remediation obligations, and the need to address environmental matters in its operations, but the context above does not provide detailed quantitative data or as much explicit discussion on climate-related litigation as seen with XOM. Comparison: - Both companies identify climate-transition risks as material to their business, especially regarding compliance with regulations, the shift to lower-emission products, and the impact of policy and market changes. - XOM provides more detailed commentary on the integration of climate-related risks into its investment and business planning, and explicitly mentions ongoing climate-related litigation as a risk. - CVX focuses on operational compliance and mentions efforts to reduce carbon intensity and respond to regulatory trends, but the provided context is less detailed about how these risks are integrated into long-term business strategy or specific legal risks. In summary, both XOM and CVX recognize climate-transition risks in their 2023 10-Ks, with XOM offering more explicit discussion on strategic planning and climate-related litigation, while CVX emphasizes compliance and operational adaptation to regulatory and market changes."
cc000025,How does META's antitrust and data-privacy regulatory risk language compare to GOOG's in their fiscal year 2023 10-K?,"68870,69007,102814,68850,68978,68977,102951,68998,68979,102632,68869,102815,102631,102952,102592,102963,68974","200,306","Based on the provided context, both Meta (META) and Google (GOOG, Alphabet Inc.) face significant antitrust and data-privacy regulatory risks, but the language in their fiscal year 2023 10-K filings reveals some differences in focus and detail: META (Meta Platforms, Inc.): - Antitrust Risks: Meta notes that it is subject to a variety of antitrust investigations and lawsuits in the U.S., Europe, and other jurisdictions, particularly regarding its business practices in social networking, digital advertising, mobile/online apps, and acquisitions. Notably, the FTC has filed a complaint seeking a permanent injunction and potentially the divestiture of Instagram and WhatsApp. Meta highlights that these cases could result in substantial fines, changes to business practices, management distraction, and potentially even the breakup of the company (Chunks 3, 12, 14). - Data Privacy Risks: Meta describes ongoing regulatory scrutiny, especially in the EU under the GDPR. The Irish Data Protection Commission (IDPC) fined Meta €1.2 billion and issued corrective orders related to data transfers. Meta notes the evolving and uncertain regulatory environment and the risk of further material fines or required operational changes (Chunks 3, 7, 14). - Risk Language: Meta’s language emphasizes the complexity, evolving nature, and uncertainty of both antitrust and data privacy regulation, the materiality of potential fines, the likelihood of further accruals for loss contingencies, and the risk of adverse business impacts, including changes to products or business models. GOOG (Alphabet Inc.): - Antitrust Risks: Google’s disclosures detail multiple high-profile antitrust proceedings globally, including lawsuits in the U.S. (DOJ and state AGs regarding Search, Search advertising, Android, Google Play, and digital ad tech), Europe (EC fines and Statements of Objection), and elsewhere (Australia, UK, Korea). Google has faced several multi-billion dollar fines from the European Commission and describes ongoing litigation, settlements, and appeals (Chunks 4, 5, 6, 9). - Data Privacy Risks: Google highlights the complexity and rapid evolution of privacy, data protection, and data usage regulations, and acknowledges that regulatory actions may result in fines, injunctions, operational changes, divestitures, or other adverse consequences (Chunk 4). - Risk Language: Google’s language focuses on the breadth and scale of legal proceedings, the unpredictability of outcomes, and the potentially substantial impact of regulatory actions (fines, business changes, reputational harm). The company notes that estimating liabilities is complex and speculative, and that actual outcomes may be materially different from estimates. Comparison: - Both companies recognize substantial antitrust and data privacy risks, including ongoing investigations, litigation, and the possibility of significant fines and required changes to business practices. - Meta’s language places particular emphasis on the potential for forced divestitures and the uncertainty of European privacy enforcement, highlighting specific recent fines and the possibility of further material accruals. - Google’s language is broader in describing the global scope of antitrust scrutiny and the unpredictability of liabilities, with examples of large fines and pending cases. - Both companies explicitly state the risk of harm to business, reputation, financial condition, and operating results, and both note the complexity and evolving nature of the regulatory landscape. In summary, while both META and GOOG use strong, cautionary language to describe antitrust and data-privacy regulatory risks, Meta’s disclosures focus more on privacy-related fines and the risk of forced structural changes, whereas Google emphasizes the global scale and unpredictability of antitrust and privacy proceedings, including significant financial and operational risks."
