group,query_id,query,n_tickers,tickers
01,1c19438e,Capital allocation for Intuitive Surgical (ISRG) focuses on R&D & innovation vs new robotic entrants.,2,"ISRG,D"
01,303b76f5,2023 combined R&D & S&M expense for ABNB vs 2021/22.,2,"D,ABNB"
01,4dfd5440,R&D vs ops employee ratio at NVDA.,2,"D,NVDA"
01,2ed1fc2b,Impact of pricing mitigation & cash flow on valuation ratios vs industry for Arthur J. Gallagher (AJG).,2,"J,AJG"
01,7d96081d,Strategic priorities analysis on cybersecurity vs R&D spend at Adobe (ADBE),2,"D,ADBE"
01,6d5817b7,Labcorp Holdings Inc. (LH) can improve investor confidence and long-term performance via enhanced cybersecurity training for senior IT staff.,2,"LH,IT"
01,96d467e2,Franchise fees & gross rec tax influences on rev rec & profitability for TX/MS ATO.,2,"MS,ATO"
01,06a2f739,VMC vs SG&A impact OM 2021-23.,2,"VMC,A"
01,710e31a7,Evergy COLI deferred rev % of 2023 NI: EVRG.,2,"NI,EVRG"
01,9bd37bfe,$ALGN $63M SDC arbitration impact in light of SDC BK.,2,"ALGN,BK"
01,18c2380e,"R&D Solutions rev rec margins impact from direct labor and 3rd party cost revisions at IQVIA, IQV.",2,"D,IQV"
01,8a0f4278,"Effect of GRMN TTM/product availability on mkt share & growth vs AAPL, SSNLF, HON.",3,"GRMN,AAPL,HON"
01,f6300dd1,"Competitive pricing of TMUS vs AT&T, Verizon, and DISH remains critical for market positioning, TMUS.",2,"TMUS,T"
01,de43cc85,"Aligning investment strategy with long-term profitability & capital allocation involves T-R-V: VP, IPC Chair, co-CIO roles.",2,"T,V"
01,990bcfc5,"Historical profitability of system executions & competitive position of Lockheed Martin vs Boeing & Northrop Grumman, TKR: LMT, BA, NOC.",3,"LMT,BA,NOC"
01,443e45f5,Margins impact of BSX vs competition from ABT & MDT.,3,"BSX,ABT,MDT"
01,5441cb00,Trends in D&O trading vs insider ownership for TE Connectivity.,2,"D,O"
02,d013f300,"Impact of NSC exec career prog on IR & fin expertise, ticker in last pos.",2,"NSC,IR"
02,7a46ac1e,Impact of Church & Dwight coupon reserve mthd on P&L & cash flow w/ redemp variances: CHD,2,"L,CHD"
02,8040a89d,"Revenue & profitability trends for Baker Hughes (BKR) vs SLB (SLB), Halliburton (HAL), & Siemens Energy (ENR).",3,"BKR,SLB,HAL"
02,381f67d3,Class action false advertising for J.M. Smucker (SJM) impact on financials & market.,2,"J,SJM"
02,a868f9cd,$MAS capex vs D&A trend analysis for 2024.,3,"MAS,D,A"
02,a329042d,"DHR for capex, M&A, & restructuring is operating CF sustainability.",3,"DHR,A,CF"
02,c4d6b5aa,"EL, Estée Lauder's strategy focuses on premium products emphasizing innovation and sustainability, aiming to capture a broader market share in a competitive landscape with key rivals like L'Oréal and Coty.",2,"EL,L"
02,b2c9909f,"KR 2023 operating CF adjustments driven by depn, impairments & non-cash items vs prior periods.",2,"KR,CF"
02,c24316b7,"Impact of T. Rowe Price repurchases on liquidity, FCF, and share reduction, TROW.",2,"T,TROW"
03,97ce3390,Moody's (MCO) DS/R&I/D&I competitive dynamics & risk profile - Moody's Corp.,2,"MCO,D"
03,f579835d,MS&A expense multiplier for Eli Lilly (LLY) in 2022-2023.,3,"MS,A,LLY"
03,5ec1cab7,GILD's R&D regulatory impact on capital needs and financing mix.,2,"GILD,D"
03,f6566849,USITC litigation on ISRG & Ethicon impacts competitive positioning & R&D.,2,"ISRG,D"
03,8a1a3fea,TRGP's deferred rev impacts WC & CF.,2,"TRGP,CF"
03,960abb91,"FICO's GP/GM trends from 2022-24 indicate strong growth potential, with a focus on innovation and market expansion, FICO.",2,"FICO,GM"
03,fd913849,WMT's $0.7B opiate litigation judgment impact on CF & fin. health.,2,"WMT,CF"
03,4f77962d,"Capex vs D&A efficiency of Hubbell amid asset growth, from 2021-2023.",2,"D,A"
03,9feb175e,C.$COF interest inc. from orig. fees & deferral impact on yield.,2,"C,COF"
03,8e1eddd5,Impact on efficiency & cost mngmt of D&A allocation for PFG segment.,3,"D,A,PFG"
03,7b0fc05a,"IDXX CF investing diff 2023 vs 2022, impact of discrete items.",2,"IDXX,CF"
04,7a46ac1e,Impact of Church & Dwight coupon reserve mthd on P&L & cash flow w/ redemp variances: CHD,2,"L,CHD"
04,91aab4bb,Veralto Corp's (VLTO) SG&A & R&D % of sales evolution vs. cost mgmt. strategies.,3,"VLTO,A,D"
04,82579e7b,Stryker (SYK) R&D drives rev growth & profitability.,2,"SYK,D"
04,e94fa477,CAPEX vs D&A for TJX and implications for asset renewal.,3,"D,A,TJX"
04,dd21ae68,The impact of WBD's (Warner Bros. Discovery) content/IP strength on sustained ROI.,2,"WBD,IP"
04,72bc65a5,Recent share repurchase volume and cost for A. O. Smith (AOS).,3,"A,O,AOS"
04,93a521e8,"CRWD's revenue recognition impacts T&M, fixed fee, and cash flow predictability.",2,"CRWD,T"
05,a105990c,"Bio‑Rad GM trends from 2021-2023: net sales vs COGS impact, pricing/cost efficiency - Bio-Rad Laboratories, Inc. (BIO)",2,"GM,BIO"
05,e381b49e,Rev rec timing impact on cash flow & liquidity for O'Reilly Automotive (ORLY).,2,"O,ORLY"
05,a868f9cd,$MAS capex vs D&A trend analysis for 2024.,3,"MAS,D,A"
05,161a41d9,Timing of revenue recognition by service for TROW (T. Rowe Price).,2,"TROW,T"
05,4b858e58,The impact of risk governance on S&P's (SPGI) CAPEX and M&A strategies is crucial.,2,"SPGI,A"
05,e1170463,How does CT&O integration on cybersecurity impact investor sentiment and market valuation for ARE?,2,"O,ARE"
05,4e8f7acc,Capex in 2023 vs D&A and asset reinvestment strategy (CARR),3,"D,A,CARR"
