query_id,query
670f69f2,"Impact of Healthpeak NCI redemption on balance sheet, valuation & cash flows, PEAK."
cf11a6d6,"Chubb Ltd's cap allocation, divs, and share repurchases show net cash outflow, CB."
a6960aa5,LULU's cash equivalents impact liquidity.
d11d1cfd,"The impact of TJX's cybersecurity integration on investor confidence and valuation is significant, especially concerning ticker TJX."
d2be826a,"Impact on earnings and valuation from MA pending litigation, specifically for the ticker."
950a63af,"KO's pricing strategy in digital mktg enhances profitability, with a competitive edge."
1c19438e,Capital allocation for Intuitive Surgical (ISRG) focuses on R&D & innovation vs new robotic entrants.
08d88344,"Historically, inputs for variable consideration in EW rev rec include data relevant to ticker performance."
1377d233,"Cost structure for cybersecurity at Mohawk Industries, along with its op. profitability and projected long-term impact, focusing on ticker MHK."
074679b1,Valuation of Tractor Supply's vendor partnerships cost structure.
27127193,"Amazon's (AMZN) cybersecurity assessments enhance risk mgmt, bolstering investor confidence."
315642bb,Net inc. % change vs. diluted EPS for Chubb (CB) 2022-23.
2916277a,FE ratio of earnings to revs for 2023.
a316af4a,Impact on diluted EPS for NCLH if anti-dilutive exch. notes are included.
b1390dd8,Impact of revenue recognition criteria on Kimberly-Clark (KMB)
250330d5,AI investments by Intuit impact operational efficiency margin.
8e621ede,FS Snap-on rev/exp impact on op earnings & segment growth.
f3e43dc3,Trust balance L rate volatility vs guarantee liabilities.
01e84425,MRO's legal/regulatory impact on growth & competitive positioning.
710aefd3,Impact of growth on supply chain resiliency for EXPD.
7bc5a9bc,"Agilent governance, insider trading setups, & ownership trends impact cap allocation."
514c405e,"AMETEK (AME) determines rev rec timing & control transfer indicators based on the terms of the sale, shipping terms, & transfer of risks & rewards."
303b76f5,2023 combined R&D & S&M expense for ABNB vs 2021/22.
9d57e365,"Trends in DLR equity for 2022-23: APC, divs, comp losses, and overall fin health, dist. - DLR"
36f27611,LYB rev mix evol trade vs related parties 3yr div dependency.
f425eda2,"Revenue recognition, specifically shipments and delivery timing for Valero, impacts cash flows and contributes to earnings volatility."
4dfd5440,R&D vs ops employee ratio at NVDA.
dcc915af,HP Inc.'s employee engagement & talent strategy (HPQ) impact on long-term competitiveness.
5d752537,Impact of $14M off-market liability amortization on rev & earnings trends for LHX.
e4f33ef2,Impact on op risk & growth from Bristol-Myers Squibb's workforce dist. BMY.
68b60a49,"BA intl workforce growth: 2023 vs. 2022, ticker at end."
bde569b9,Risk oversight in cybersecurity by SCHW boosts investor confidence.
930c4b78,"deferred rev impact on inc timing and predictability for subscriptions in pay TV, News Corp (NWSA)."
e9e6207f,"Debt terms, interest exp., & proj. for Molson Coors."
ca304972,Investing cash flow drivers for Fair Isaac Corp (FICO) in 2024 and the impact of mktble sec. on strategy.
aff2b681,Nontraditional lodging risk in MAR can be mitigated through quality guest svc.
ef0930ec,Net PPE vs Op Inc capex efficiency of Diamondback Energy (FANG).
bdaebbc2,The impact of cybersecurity-ERM integration on stability & continuity for Realty Income (O) is significant.
fdf63f2e,Mosaic Co. (MOS) faces raw material purchase obligations impacting supply chain and working capital risks.
5c8dc168,"Proj duration impacts cash flow, profitability, & capex strategy for The Southern Company (SO)."
2ed1fc2b,Impact of pricing mitigation & cash flow on valuation ratios vs industry for Arthur J. Gallagher (AJG).
dd96e4e1,2023 restructuring asset charges by Dow Inc. impact profitability - operational vs one-off.
744f9512,SLB board exp. & risk mgmt. strategy alignment.
4c16bbd0,"Exec hires at Campbell Soup Co. focus on culture, comms, & risk mgmt. impact."
97274569,"Impact of Autodesk mgmt reporting on ops performance, ticker, cap allocation, & risk mgmt."
45f99eae,"YoY rev growth trends from 2022-2024 & key drivers, BR."
d35000cf,WY Weyerhaeuser board's oversight on cybersecurity risk through internal audit valuation.
1c44a557,GND Holdings' talent dev. total exp. for 8.6k employees.
3e71f318,"ALB's exec age/tenure mix, with ticker positioned centrally, impacts decision-making."
2bed47cb,Dec vs Nov '23 WAB repurchase price trend & market timing.
0f941d3e,"CNP's exec leadership strengths & gaps impact future growth, profitability."
bc5c0e96,"Divisional structure, risk mgmt, & competitive positioning of Nasdaq."
a4285e41,Impact of third-party cybersecurity risk mgt on Enphase Energy.
a54fecf0,Cboe (CBOE) allocates capital primarily towards dividends/share buybacks vs growth investments.
15cf0974,"The impact of APA on profitability, with the ticker in play, brings into question the allocation of capital."
1a71ecb0,Ticker MRO impact on EPS from dilutive securities is vs. WA vs. diluted shares.
f6cd7e21,"$12M accruals collateral impact on cash flows, balance sheet stability for Amcor plc."
8a8cd2e9,Utilization timeline criteria for repurchase program by Regency Centers (REG).
b0196c5b,Long-term financial impact of RCL if major judgment reversal fails on appellate.
70130d76,"Impact of share buybacks on EPS & valuation for Dexcom, Inc. (DXCM)."
8d9a0f37,Constellation Energy's Rev Recog. performance obligation criteria relates closely to its operational metrics.
bf7f45c3,"HII analysis of Ingalls segment stability, capex trends, and asset drivers."
73531f36,Leadership roles at TROW impact profit & cap allocation.
68f0cf9d,"Comp risks, opps & impacts on performance & growth for Equity Residential (EQR)."
7d96081d,Strategic priorities analysis on cybersecurity vs R&D spend at Adobe (ADBE)
efbe6f3a,Impact on DLTR valuation & outlook due to litigation loss estimates.
ec654929,"Impact on short-term CF and profitability from CF Industries EHS capex, CF."
68e2cfdf,Seasonal workforce risk & NRG Energy cost stability.
ac05d469,"AES operating margin % of rev and impact of rev/cost trends on margin variations, AES."
2cdda180,Dedicated lead independent director for board oversight boosts investor confidence in TTWO.
57b7708b,"AEE's rev rec involves analyzing both billed & unbilled components, plus the investment implications."
7c486343,VICI's lease capex impact on future capex allocation & cash flow planning.
fb44fe92,CHRW's legal disclosures include info on consolidated fin'l statements & risk factors.
586ba9c8,"Eval ZBH cybersecurity protocols & assess future fin risk, ZBH."
cc8084aa,Risk of timing reversal in revenue recognition for performance milestones at Amgen.
ba1aba9e,Inventory turnover efficiency calc for JBHT.
77f398d5,"Net inc, EPS drivers for MA, examining sust. ops vs non-ops exp. for 2021-23."
893fb199,KeyCorp exec sees growth in valuation amid regulatory comp. (KeyCorp Ticker) competition.
43a045d3,Long-term profitability stemming from McKesson's innovative tech investments; MCK.
50d36179,Unresolved legal matters with BDX may have long-term financial implications on profitability & growth.
7b795372,"SYY's cybersecurity integration, strategic planning, and capital allocation strategies aim to enhance investor confidence."
6d5817b7,Labcorp Holdings Inc. (LH) can improve investor confidence and long-term performance via enhanced cybersecurity training for senior IT staff.
e1759e5e,TSCO share repurchase vol. & cash outlay for FY22 and FY23.
3874598c,FY24 capex vs tech inv. obj. for PTC.
04a8b1c4,"Impact of cybersecurity spend on profitability, cash flow, and risk profile for ADI."
a29b7204,"Impact of Netflix's cybersecurity initiatives on risk mgmt & valuation, NFLX."
5fc0425d,"Teradyne, Dec 2023 liquidity current ratio indicates short-term health."
7e8e5eca,Impact on cash flow/credit risk in the payer cycle at Quest Diagnostics.
534e77e4,The impact on organic growth of recurring rev for IDEXX (IDXX) is of interest.
96d467e2,Franchise fees & gross rec tax influences on rev rec & profitability for TX/MS ATO.
99f4169e,Q4 2023 DOW buyback vol. & avg. price.
ba09b711,Projected employee count for NG next FY.
f1f50f03,PSEG: exec multiplexing & its effect on competitive positioning & growth in the energy sector.
194c8463,"Impact of AVB's debt & capex strategy on new dev co vs large fin insts/RE, ticker at end."
46ba6fb7,"BXP board oversight mechanisms for growth, risk, and profitability."
cad4b4d8,STT liquidity capex bal & growth assess.
bfb899e0,Timing of ODFL's repurchase programs and interplay w/ new program start.
9293d700,Impact of historical dividends & regulatory constraints on future div policy and financial flex for PFG.
5aeb00ec,Effectiveness of Caterpillar's cybersecurity risk mgmt. & the financial impact on supply chain; CAT.
08c5453b,Projection for UBER's emp count and its impact on cost structure?
06a2f739,VMC vs SG&A impact OM 2021-23.
6c41ae43,Cash flow risk from BMY rebate/discount estimate deviations.
a5fcfe73,Chubb's operational stability and regional risks are influenced by its workforce metrics.
1d83c651,"BHX competitive pressures, valuation multiples, and future returns."
e37688c5,TROW revenue comp. trend stability 2021-2023.
03b929e0,"Impact of Danaher's prog. rev. rec. on profitability & cash flow, DHR."
76ccac0d,assessing board's strategic impact on cash flow stability & inv. appeal for LYB.
577f851c,"LLY's new mfg capital allocation risks, opps, profitability, efficiency."
6cc91093,"Impact on balance sheet for GM ASR and settlement due by Dec 2024, ticker GM."
b6e7d0f1,Quantifying and mitigating legal risk disclosures for Garmin Ltd (GRMN) is essential for safeguarding investments.
c06f0ed3,Historical comparisons reveal the risk impact of insider trading on CVX.
dbd20d2d,Akamai's rationale for stock repurchase vs. growth strategy.
371f05d9,AutoZone (AZO) marketable debt securities 3FY buy vs. sell cap allocation.
be3b1c90,Rollins branch office employee concentration's impact on operational efficiency and customer retention.
9d605bd6,Ticker LOE: Exp items influence margins & profitability.
c8d8e505,"Impact on cash flow & fin. health from WEC board expertise, ticker last."
8b65a4ac,"Cybersecurity framework AMT enhances competitive positioning, boosting investor confidence."
a012c83d,Operating margin trends for Chipotle (CMG) from 2021 to 2023.
4f40dd06,"Impact of FY24 CapEx on revenue, productivity, and competitiveness for SMCI."
0a6d7405,DTE non-utility eco legal risk mgmt. impacts long-term growth inv. returns.
c4df6031,"Q2 2024 EL share price variation, amidst mkt conditions, impacts repurchase timing."
710e31a7,Evergy COLI deferred rev % of 2023 NI: EVRG.
3f716e04,GenMills' (GIS) innovation & consumer insights vs competitors' rev growth impact.
e49f0250,"Boeing's 2023 rev rec, TICKER, shows a detailed breakdown."
e610de90,Sysco's headcount YoY % change and its effect on capex/OPEX planning.
e7c39978,"Impact of FICO leadership exp. on strategic positioning, ticker in last pos."
d7d84659,Profitability trends in key segments of General Dynamics' recent fiscal performance; GD.
ce5ac850,Investment decision mgmt. background in Aon capital allocation.
93cff071,"Equifax's CEO has significantly influenced both strategy & risk mgmt, leading to robust frameworks for addressing challenges."
56e7d468,2023 vs 2022 absolute & % for Centene system enhancements & hardware capex.
cb2c3d34,Revenue timing by channel for NIKE (NKE) and its cash flow impact.
521debf4,"Drivers of HIG operating income comps for 2022-2023, ticker at end."
80d7a7c9,Analyzing the financials and growth of Fertilizantes Brazil post-integration: The Mosaic Co. impact on performance.
ee4be85c,CTAS's long-term profitability and capital allocation impact from legal settlements.
c4e25437,FOX's revenue deferral impact on short vs. long-term visibility in guaranteed ad contracts.
84dcafd9,The impact on profitability trends due to a decline in GS EPS.
e789dcea,Competitors' margins vs CPB pricing strategy.
9f3a40f5,BB increased capex impact on comp. positioning & long-term profit across geogs & segments.
3df10c71,SRT 2024 non-op exp impact on net margin drop.
5a76da58,Impact of MTB revenue segmentation on analysis of recurring vs non-recurring income.
9bd37bfe,$ALGN $63M SDC arbitration impact in light of SDC BK.
c6feb525,"Zimmer Biomet's exec structure includes regional roles, defining how GLBT strategies align with company objectives."
dd6f68f1,"Insider practices in risk mgmt., profit & cap allocation outlook undergo changes by AWK board."
8a333641,"Valuation of cash flow risk linked to JNJ antitrust biosimilar litigation, JNJ."
c2373adb,"share repurchase triggers external and internal metrics, ticker COO, in the evaluation."
ff2cf386,"For GE, how to gauge the impact of discontinued ops on EPS for 2023 by comparing diluted net EPS vs. continuing EPS?"
d7200d6b,impact on liquidity & financial health from adverse legal resolution for CSX Corp.
63d1f728,Legal contingencies trends & future impact analysis for NetApp.
5a681f31,Ticker TRMB shows potential impact on liquidity & working capital due to contractual timing.
29220345,Rev deferral impact on growth & cash flow for FTV.
1447cf8d,CenterPoint Energy's unionization ratio in the electric segment remains noteworthy.
18c2380e,"R&D Solutions rev rec margins impact from direct labor and 3rd party cost revisions at IQVIA, IQV."
8a0f4278,"Effect of GRMN TTM/product availability on mkt share & growth vs AAPL, SSNLF, HON."
83c09c7f,"Calc PFG's revenue per emp & profit implications, focusing on the ticker in the middle."
20b15853,Diversity factors impacting strategic decisions of EXPE board.
e40dfc98,"LOW: Deferred rev rec for retail, stored-value, gift cards control."
ac9dde56,Contract asset vs notes receivable in T's rev rec installment programs.
04c42c12,Impact of NTRS mgmt. bg on competitive positioning.
0ecb620f,TSC capex influence on positioning & SH value.
9137d00c,3Y rev/OP/OPI perf & mkts dynamics for SBAC int'l site leasing.
a0bb8903,Operational impacts of cybersecurity on breach costs & growth for IDEXX.
3d5a35ca,"Capital allocation strategy for growth in Rollins Inc's 2022-2023 investing activities, ROL."
0c43ad3e,"EL exec team weighs risk, ticker, benefits, and impact on fin perf amid org changes."
d3be5e48,Liquidity risk for SWK amidst debt repayments & refinancing.
61e10a82,"Eli Lilly's recent leadership appointments impact operational efficiency and enhance profitability outlook, LLY."
b148030e,CTSH op profit trends in the FS Health Sci segment over the last 3 yrs.
1c47856d,Impact on strategy & growth from FIS software & PPE investments.
d563214e,TT's long-term debt maturities & 12-mo liquidity impact.
adcd97ab,Ticker analysis of COO OCF liquidity dependence.
1db14ead,"CHRW's layered cybersecurity strategy enhances its comp. position amidst supply chain & tech dependencies, CHRW."
15f5d8fb,"Impact of TXN geo rev mix on regional risk & growth opps, TXN."
38337cc2,DFS's competitive positioning in human capital and operational risk is crucial.
d1a85aab,Timing of revenue recognition related to control transfer vs. profitability for Garmin (GRMN).
201e1ddd,"Repurchasing shares can boost EPS, enhancing profitability for Analog Devices (ADI)."
e547f41c,Impact on revenue and liquidity from deferred rev for Nucor (NUE).
e13a4600,Net earnings to operating cash adjustments for HPE and earnings quality.
b85d77d9,Domestic-to-total employee ratio for MGM (MGM).
e75c04e9,CRL - expected sci. pro. count in 1k headcount expansion Charles River Labs.
496c3b3c,HIL’s variable interests risk profile is crucial for cash flow mgmt.
f6bf681e,"Chipotle’s ticker on the market reflects its commitment to workforce invest., ensuring long-term stability & growth for investors."
1b8c157c,Impact of 2-for-1 stock split on repurchases & market performance at Hormel Foods (HRL).
e89c5bd8,"Impact of WRB cybersecurity measures on profitability & liabilities, ticker in last position."
b1f6a515,CATX revenue recog. implications of combined mfg & QA performance obligation.
318d7f99,"Engagement risk monitoring, vendor liabilities, sustainable growth, and valuation for AZO."
5c8c2bc6,"MCK share repurchase drivers: stock price, reg's, op cash."
3e5ab321,PEP ratio of other pension/retiree medical income from 2022 to 2023.
d1a4c48e,"Q3 2024 share repurchase volume for DIS, along with the weighted avg. cost."
b3219177,Impact on margins from ADP's dual role.
a9938d07,The impact of the AXP TRIS program on capital allocation and financial health is noteworthy.
b4b123fa,Execs on SBAC board vs risk oversight of independent governance comp. SBAC.
96608d35,Impact on growth & competitive positioning from SYK’s lower acquisition cash flows.
5c465dfe,CPT exec ratio vs. industry benchmarks.
ac2812b8,Repurchase timing magnitude vs. capital allocation liquidity for Vertex.
90e8944d,Legal exposures from OMC affect risk profile & capital allocation.
7d97976b,PSA recording of ancillary rev & fee breakdown with ticker in the middle.
37b76f4a,Cybersecurity risk mgmt. impact on long-term valuation.
4bd71aae,Share buyback suspension at UAL may negatively impact short-term EPS & shareholder value.
73a13b04,Impact of regulatory factors on dividend liquidity for CINF subsidiary.
ab915391,The impact of NCLH's legal proceedings on cash flows and financial health is a key focus for investors.
6a56ccd8,Exec role diversity at Sempra boosts investor confidence & drives growth/profitability; SRE.
ef7f4dc1,Recent share repurchase volume and cost for IFRA.
17756967,Hershey's strong operating cash flows (HSY) enhance liquidity & support strategic investment funding.
d414f672,AIZ runoff exposure cash flow risk from reinsurer default & client non-payment.
2c234abc,Impact on cap structure & EPS from equity comp plan shares of Bunge Global SA.
f1eb3b32,AOS's capex in ROW & Corp segments affects its future expansion.
848b7c90,CSX's long-term growth strategy focuses on operating model improvements & capital allocation.
66c75d0f,Impact of cybersecurity cap allocation and investor returns on PPG.
9f644173,2023 PP&E & infra inv. trends for EOG Resources.
19ad81b6,Competitive edge in talent strategy & workforce dist. for GPN.
eb1b6c28,YoY trends for effective tax rate of LDOS.
56ead4af,BIIB facility alt use impact on future capex.
80a834eb,WMT EDLP EDLC margin impact from omni-channel competition.
7ef2383e,"Jabil FY2024 net cash financing comps: buybacks, debt, treasury tax, dividends; ticker at the end."
33bd358a,Contingent vs salaried labor flex ratio for Aptiv PLC.
fa4fb739,$TSLA internal promo practices & mgt retention posits competitive growth.
9912e204,Impact of exec tenure on DIS strategy consistency & profitability.
616a32d2,Impact of compliance costs & fines on AES Corp (AES).
a7379ea7,"Operating margin for Globe Life in 2023 compared to 2022 and 2021, GL."
dbc2f26b,HD notes maturity trends & refinancing risk are noted.
70d73918,"Trends in net earnings for Lennar from 2021 to 2023 & margin outlook, LEN."
2db079d1,Governance via WRB board signatories enhances long-term shareholder value.
b95501b3,"MFA policies, FRT cybersecurity risk mitigation, and internal controls training."
2da12e10,Ameren's (AEE) remediation expense control measures.
78168ac6,Impact on consolidated GP & margins 2022-2024 by WD Flash vs HDD.
b8f2e37f,"Turnover rates & demographics of WMB employees affect competitive positioning & operational efficiency, WMB."
cde54e71,Reserves methodologies for legal proceedings related to contingent liabilities at Live Nation.
f6300dd1,"Competitive pricing of TMUS vs AT&T, Verizon, and DISH remains critical for market positioning, TMUS."
7dc64b77,Litigation reserve variance for VTRS impacts valuation and investor sentiment.
5e536f91,Liquidity & refinancing risk for American Airlines (AAL).
78855844,FY23 svc rev proj of 10% growth for IRM.
70f76191,Impact of exec appointments' ages on long-term strategy & financial stability for Conagra (CAG).
de43cc85,"Aligning investment strategy with long-term profitability & capital allocation involves T-R-V: VP, IPC Chair, co-CIO roles."
c5664588,"Exec tenure at Costco affects stability & profitability, COST."
f1f9565c,"Impact of senior mgmt. tenure at Loews Corp on financial stewardship (L), along w/ capex strategy."
41f5d451,"Impact of AES board expertise on financial stability & risk mgmt, AES."
504ed7e5,"Sum & growth impact of S&M + product dev exp for MTCH 2023, ticker at end."
a38864af,"AMETEK's financial health, risk mgmt, strategy, purchase obligations, lease commitments, and debt interest - AME."
66717c5b,Key financial metrics for resilience amid economic and supply volatility for Valero Energy (VLO) remain robust.
1b0fa6b2,"AEE repurchase activity for Oct-Dec '23: volume, avg price, cap allocation."
a6c10bf2,"Calc Bio-Techne's 2024 net profit margin, assessing tickers' interest/non-op exp impact vs prior periods."
cab1585f,"Revenue from Comcast Corp theme parks, along with EBITDA & operational drivers, emphasizes sustainability. CMCSA."
027b67ae,"% change in diluted EPS FY Sept 29, 2024 vs Oct 1, 2023 for SBUX."
5fb47282,Impact on rev rec timing from EQIX output method.
c8228f04,Blackstone's impact on cybersecurity risk and contractual liabilities.
990bcfc5,"Historical profitability of system executions & competitive position of Lockheed Martin vs Boeing & Northrop Grumman, TKR: LMT, BA, NOC."
a2d42ec3,Global union % for Vulcan Materials (VMC) and the US labor risk profile.
39bd185d,Monitoring liquidity & working capital for unbilled rev at CMS Energy.
251b390e,"KMI's labor strategy, incorporating risk mitigation, emphasizes long-term performance."
e325dfe4,GPM for TSN FY24 compared to historical margins.
f5fdadad,Liquidity impact from McKesson's off-balance sheet obligations.
fa1591d6,"TPR's (Tapestry, Inc.) gift card liability breakage impact on revenue/prof profitability amid changing redemption patterns."
9b0ad675,"Competitive positioning of United Airlines’ domestic route network versus foreign carriers, TKR: UAL."
1cd23310,Incremental net profit vs sales CAT for 2023-2022.
e045ad71,Risk of delivery timing for UAC due to mfr. issues.
b0597a7c,"Seller experience on eBay directly impacts buyer confidence, which in turn affects competitive positioning & profitability."
39cede68,CHRW's defined contribution plan expns. for 2021-2023.
bcdb1074,Impact of net investments on investing cash flow for ETSY in 2023 vs. 2022.
de70a4bc,"Age, role dist., & governance of Synopsys execs is crucial for sustainable decision-making."
27902306,"AVB net cash investing breakdown: dev/redev, acquisitions, capex?"
50a5fbfa,"Impact of BR depreciation/amortization evolution on profitability & cash flow, Ticker."
2344e0e3,Impact of CAT geo/product mix on rev & profit.
71e2b68b,"$MO 2023 capex is a $196M decline, affecting cap allocation & investment strategy."
f8aec91a,Impact of Hasbro share repurchases on EPS dilution.
7c95d380,Risk liquidity of share repurchase methods F5.
443e45f5,Margins impact of BSX vs competition from ABT & MDT.
cbe5d68e,SAP ERP & Sovos tech investments by Campbell Soup are aimed at boosting efficiency by 2025.
2b72a7fb,12m breakdown of debt maturity structure for Equifax (EFX).
e4b7f43e,"Litigation mgmt risk, LYB, affects investor confidence and capital allocation."
8aede22f,"Fin. treatment & strategy for SJM 10b5-1 vs stock plan shrs, ticker last: SJM."
9a55a405,"STX's revenue, supply chain, & operating perf. can be significantly influenced by lead-time extensions & long-term demand forecasts."
00e57882,"debt improvement impact on investor sentiment for PAYC, enhancing operational financial discipline."
22f7fccb,Cognizant's TM impact on SVC quality & profitability is noteworthy.
1b3c8958,Impacts on revenue & profitability due to J&J's product lifecycle & competitive dynamics.
2791fff4,"UDR's workforce strategy emphasizes community roles, ticker, employee engagement, and growth."
5441cb00,Trends in D&O trading vs insider ownership for TE Connectivity.
981f58c1,Q4 2023 repurchase volumes & pricing timing for PNC.
b049d7dc,JNPR's inclusive culture drives talent & innovation advantage.
a9a83309,"Net product sales delta for 2022 vs 2023, MRNA."
d1c0598c,Molson Coors (TAP) exec team age & experience influence cap alloc & growth.
801ff629,SWK contractual cash obligations maturity breakdown & liquidity demand.
98cd5ed6,Impact of deferred rev on rev timing accuracy in Waste Mgt.
efb47c52,ZBH's recent share repurchase volume & cost metrics.
4785e38b,PACCAR's revenue mix dynamics from 2021-2023.
c9d8da0a,Catalent's (CTLT) operational resilience and growth impact.
c62dca3d,SBA's revenue mix: site leasing vs. dev. growth & profitability trends from 2021-23.
f3af39b3,Implications for liquidity in repurchase funding for PYPL.
8f62cc27,Impact of contract cost amortization on Stanley Black & Decker (SWK).
189384db,Innovation comp strategy for ABT nutritional products.
89ae7f9f,CME Group's financial impact from cybersecurity risk mitigation efforts.
46f556a4,"Competitor consolidation in adjacent mkts affects AUTDSK's pricing power, rev margins, & overall impact."
530979cf,SDI share repurchase breakdown (shrs & expenditures by period)
481f256c,MGM's repurchase of shares impacts EPS valuation.
ea4d9ae5,"Loews Q4 2023 share repurchase split for Loews, Oct vs Nov/Dec."
c87bf5e6,NEM Q4 2023 share repurchase volumes & monthly avg price variation.
5507934d,Execs at MetLife (MET) transition dec decision-making cap allocation.
e95ef96c,Cash flow rev stability over the long term from PPAs for CMS Energy.
86fc0568,"Teleflex's strategic focus on exec specialization is key, with strong emphasis on risk mgmt."
2448d34a,2023 interest exp. for PPL Corp sees a 20% reduction.
1be331b8,"Impact of AAL LAX modernization on capital allocation & investment cash flows, AAL."
b63edeb7,Impact on net margin and financial health from VICI's 2023 interest exp. % of rev.
